responseid,familiar,crisis,reproducible,age,discipline,discipline-other,continent
24,4 - Fairly familiar,yes,90,65 or over,Other,Interferon,Europe
27,5 - Very familiar,yes,40,25 - 34,Other,communication studies,Europe
36,5 - Very familiar,yes,30,45 - 54,Other,Neurophysiology,Europe
107,5 - Very familiar,yes,50,35 - 44,Biology,,Europe
112,4 - Fairly familiar,yes,70,18 - 24,Biology,,South America
114,5 - Very familiar,yes,20,25 - 34,Other,Psychology,Europe
117,4 - Fairly familiar,yes,70,25 - 34,Biology,,Europe
145,5 - Very familiar,yes,30,25 - 34,Other,Cognitive Psychology,Europe
179,5 - Very familiar,no,80,45 - 54,Earth Science,,Australasia
180,5 - Very familiar,yes,80,25 - 34,Biology,,Europe
188,4 - Fairly familiar,yes,40,25 - 34,Biology,,Europe
190,5 - Very familiar,yes,80,35 - 44,Biology,,North America
196,4 - Fairly familiar,yes,70,18 - 24,Medicine,,North America
202,4 - Fairly familiar,yes,10,25 - 34,Biology,,Europe
203,5 - Very familiar,yes,90,25 - 34,Materials Science,,Europe
220,5 - Very familiar,yes,60,35 - 44,Biology,,North America
226,4 - Fairly familiar,yes,30,35 - 44,Other,Social scientist,North America
227,2 - Not very familiar,yes,50,25 - 34,Biology,,South America
246,4 - Fairly familiar,yes,60,25 - 34,Other,Social Sciences,North America
277,4 - Fairly familiar,yes,20,25 - 34,Biology,,Europe
341,3 - Somewhat familiar,yes,30,25 - 34,Biology,,Europe
344,5 - Very familiar,yes,90,35 - 44,Physics,,Europe
357,5 - Very familiar,yes,70,25 - 34,Engineering,,South America
361,5 - Very familiar,yes,70,35 - 44,Other,computer science ,Asia
370,5 - Very familiar,yes,70,25 - 34,Biology,,Europe
373,5 - Very familiar,yes,80,18 - 24,Other,Epidemiology,North America
386,4 - Fairly familiar,yes,50,65 or over,Other,Cognition,South America
448,4 - Fairly familiar,yes,20,35 - 44,Chemistry,,North America
449,5 - Very familiar,yes,60,25 - 34,Chemistry,,Europe
451,5 - Very familiar,yes,50,25 - 34,Medicine,,Europe
452,5 - Very familiar,yes,50,25 - 34,Biology,,Europe
499,4 - Fairly familiar,yes,40,25 - 34,Biology,,Europe
505,5 - Very familiar,yes,40,25 - 34,Biology,,Europe
514,4 - Fairly familiar,yes,80,18 - 24,Materials Science,,Europe
515,5 - Very familiar,yes,80,35 - 44,Physics,,Europe
517,5 - Very familiar,yes,20,35 - 44,Medicine,,Europe
527,5 - Very familiar,yes,10,25 - 34,Chemistry,,North America
529,4 - Fairly familiar,yes,70,25 - 34,Engineering,,North America
533,5 - Very familiar,yes,10,25 - 34,Biology,,Europe
535,5 - Very familiar,yes,90,18 - 24,Chemistry,,North America
543,5 - Very familiar,yes,90,35 - 44,Chemistry,,Europe
546,5 - Very familiar,yes,70,35 - 44,Biology,,North America
549,4 - Fairly familiar,yes,70,25 - 34,Biology,,Europe
613,5 - Very familiar,yes,50,35 - 44,Medicine,,Europe
625,4 - Fairly familiar,yes,80,25 - 34,Biology,,Europe
634,4 - Fairly familiar,yes,80,55 - 64,Earth Science,,North America
666,4 - Fairly familiar,yes,70,25 - 34,Biology,,Europe
683,5 - Very familiar,no,80,45 - 54,Earth Science,,North America
684,4 - Fairly familiar,yes,30,35 - 44,Biology,,North America
689,5 - Very familiar,yes,80,55 - 64,Biology,,North America
692,5 - Very familiar,yes,30,35 - 44,Other,Psychology,North America
696,4 - Fairly familiar,yes,40,55 - 64,Biology,,Europe
701,5 - Very familiar,yes,40,25 - 34,Biology,,North America
702,5 - Very familiar,yes,30,35 - 44,Other,ethology,Europe
717,5 - Very familiar,yes,50,18 - 24,Engineering,,North America
718,4 - Fairly familiar,yes,60,25 - 34,Materials Science,,Europe
722,5 - Very familiar,yes,80,25 - 34,Biology,,Europe
742,5 - Very familiar,yes,50,45 - 54,Biology,,North America
744,5 - Very familiar,yes,40,25 - 34,Biology,,North America
746,3 - Somewhat familiar,yes,80,45 - 54,Biology,,North America
750,5 - Very familiar,yes,90,35 - 44,Biology,,North America
751,5 - Very familiar,yes,40,35 - 44,Biology,,North America
754,5 - Very familiar,yes,50,45 - 54,Biology,,Europe
757,5 - Very familiar,yes,70,25 - 34,Biology,,North America
764,4 - Fairly familiar,yes,80,25 - 34,Materials Science,,South America
766,5 - Very familiar,yes,90,45 - 54,Biology,,South America
767,5 - Very familiar,yes,70,55 - 64,Biology,,North America
768,5 - Very familiar,yes,50,35 - 44,Biology,,Europe
769,5 - Very familiar,yes,70,35 - 44,Biology,,Europe
770,4 - Fairly familiar,yes,70,25 - 34,Biology,,South America
772,5 - Very familiar,yes,30,25 - 34,Biology,,North America
773,4 - Fairly familiar,no,80,45 - 54,Biology,,Asia
774,5 - Very familiar,yes,40,35 - 44,Biology,,North America
775,3 - Somewhat familiar,yes,90,35 - 44,Physics,,Asia
776,5 - Very familiar,yes,70,35 - 44,Biology,,Europe
777,5 - Very familiar,yes,50,18 - 24,Biology,,North America
778,5 - Very familiar,yes,90,35 - 44,Biology,,North America
779,5 - Very familiar,yes,70,55 - 64,Biology,,North America
783,5 - Very familiar,yes,70,35 - 44,Biology,,North America
784,5 - Very familiar,yes,70,25 - 34,Materials Science,,Europe
789,5 - Very familiar,yes,70,65 or over,Chemistry,,North America
795,5 - Very familiar,yes,10,25 - 34,Medicine,,North America
797,4 - Fairly familiar,yes,90,25 - 34,Physics,,North America
800,5 - Very familiar,yes,50,25 - 34,Biology,,North America
801,5 - Very familiar,yes,70,25 - 34,Biology,,North America
804,4 - Fairly familiar,yes,80,65 or over,Physics,,Europe
807,5 - Very familiar,yes,80,25 - 34,Engineering,,North America
808,5 - Very familiar,yes,0,65 or over,Other,Wissenschaft,North America
809,5 - Very familiar,yes,30,35 - 44,Biology,,Europe
811,5 - Very familiar,no,80,25 - 34,Biology,,North America
812,4 - Fairly familiar,yes,50,65 or over,Biology,,North America
813,4 - Fairly familiar,yes,50,25 - 34,Other,Microbiology,North America
817,5 - Very familiar,yes,30,25 - 34,Other,Psychology,Europe
825,5 - Very familiar,yes,90,25 - 34,Biology,,Australasia
827,5 - Very familiar,yes,80,25 - 34,Biology,,Asia
830,5 - Very familiar,yes,60,35 - 44,Chemistry,,Europe
833,5 - Very familiar,yes,60,25 - 34,Biology,,North America
834,5 - Very familiar,yes,80,25 - 34,Materials Science,,Europe
836,2 - Not very familiar,yes,50,25 - 34,Earth Science,,South America
839,5 - Very familiar,yes,30,35 - 44,Other,Psychology,Europe
841,4 - Fairly familiar,yes,50,25 - 34,Biology,,Europe
842,5 - Very familiar,yes,50,25 - 34,Biology,,North America
843,5 - Very familiar,yes,60,35 - 44,Physics,,Europe
851,5 - Very familiar,yes,20,45 - 54,Biology,,Europe
853,5 - Very familiar,yes,30,35 - 44,Medicine,,North America
914,4 - Fairly familiar,no,80,25 - 34,Biology,,North America
916,4 - Fairly familiar,yes,50,25 - 34,Medicine,,North America
950,5 - Very familiar,yes,70,25 - 34,Biology,,Europe
952,5 - Very familiar,yes,50,35 - 44,Chemistry,,North America
954,5 - Very familiar,yes,70,35 - 44,Biology,,Europe
966,5 - Very familiar,yes,50,55 - 64,Medicine,,North America
984,5 - Very familiar,yes,60,35 - 44,Medicine,,Europe
985,5 - Very familiar,yes,20,25 - 34,Engineering,,Europe
986,5 - Very familiar,yes,50,25 - 34,Biology,,North America
1004,5 - Very familiar,yes,90,55 - 64,Physics,,Europe
1006,5 - Very familiar,yes,60,35 - 44,Medicine,,South America
1008,5 - Very familiar,yes,80,35 - 44,Biology,,Europe
1015,5 - Very familiar,yes,60,45 - 54,Astonomy,,Asia
1029,4 - Fairly familiar,yes,60,25 - 34,Biology,,Europe
1032,5 - Very familiar,no,90,45 - 54,Biology,,Europe
1038,4 - Fairly familiar,yes,50,25 - 34,Biology,,Europe
1039,4 - Fairly familiar,yes,20,35 - 44,Biology,,Europe
1053,3 - Somewhat familiar,yes,80,25 - 34,Biology,,North America
1055,3 - Somewhat familiar,no,0,45 - 54,Engineering,,North America
1057,5 - Very familiar,yes,50,35 - 44,Medicine,,North America
1058,5 - Very familiar,yes,50,25 - 34,Biology,,North America
1061,5 - Very familiar,yes,60,25 - 34,Other,Chemical Biology,North America
1067,5 - Very familiar,yes,60,35 - 44,Other,Linguistics,North America
1072,4 - Fairly familiar,yes,50,25 - 34,Medicine,,Europe
1074,5 - Very familiar,yes,20,25 - 34,Biology,,Europe
1076,4 - Fairly familiar,yes,60,65 or over,Other,"Interdisciplinary: biology, chemical engineering, mathematics",Europe
1088,5 - Very familiar,yes,50,25 - 34,Medicine,,Asia
1100,5 - Very familiar,yes,70,25 - 34,Biology,,North America
1102,5 - Very familiar,yes,70,25 - 34,Chemistry,,Australasia
1104,5 - Very familiar,yes,90,55 - 64,Chemistry,,Europe
1110,5 - Very familiar,yes,50,35 - 44,Other,Neuroscience ,North America
1117,5 - Very familiar,no,70,25 - 34,Biology,,North America
1120,5 - Very familiar,yes,90,25 - 34,Biology,,North America
1125,4 - Fairly familiar,yes,50,25 - 34,Biology,,North America
1139,5 - Very familiar,yes,50,35 - 44,Biology,,Europe
1140,4 - Fairly familiar,yes,50,25 - 34,Medicine,,North America
1142,3 - Somewhat familiar,yes,50,55 - 64,Medicine,,Europe
1159,5 - Very familiar,yes,50,65 or over,Medicine,,Australasia
1163,5 - Very familiar,yes,60,35 - 44,Biology,,North America
1164,5 - Very familiar,yes,90,25 - 34,Biology,,Europe
1169,5 - Very familiar,yes,40,35 - 44,Medicine,,Europe
1184,5 - Very familiar,yes,70,25 - 34,Engineering,,North America
1187,2 - Not very familiar,no,70,45 - 54,Medicine,,Asia
1219,5 - Very familiar,yes,70,65 or over,Other,Neurochemistry,North America
1223,5 - Very familiar,yes,50,45 - 54,Other,Psychology,Europe
1225,4 - Fairly familiar,yes,60,35 - 44,Physics,,Europe
1229,5 - Very familiar,yes,20,25 - 34,Biology,,North America
1243,5 - Very familiar,yes,70,45 - 54,Other,Neuroscience,Europe
1293,5 - Very familiar,yes,30,25 - 34,Biology,,North America
1295,4 - Fairly familiar,yes,60,35 - 44,Earth Science,,Europe
1299,5 - Very familiar,yes,50,25 - 34,Earth Science,,Europe
1300,3 - Somewhat familiar,yes,40,55 - 64,Biology,,North America
1307,5 - Very familiar,yes,70,45 - 54,Biology,,Europe
1308,5 - Very familiar,yes,30,25 - 34,Biology,,North America
1309,5 - Very familiar,yes,30,55 - 64,Biology,,North America
1310,5 - Very familiar,yes,70,25 - 34,Medicine,,North America
1339,5 - Very familiar,yes,60,35 - 44,Chemistry,,Australasia
1340,5 - Very familiar,yes,20,35 - 44,Biology,,North America
1342,5 - Very familiar,yes,30,35 - 44,Biology,,North America
1351,4 - Fairly familiar,yes,80,35 - 44,Biology,,North America
1355,3 - Somewhat familiar,yes,90,25 - 34,Chemistry,,Europe
1365,5 - Very familiar,yes,50,25 - 34,Biology,,Europe
1369,3 - Somewhat familiar,no,90,35 - 44,Physics,,Europe
1379,5 - Very familiar,yes,80,25 - 34,Earth Science,,Asia
1380,5 - Very familiar,yes,80,25 - 34,Biology,,South America
1394,5 - Very familiar,yes,70,55 - 64,Biology,,Europe
1400,4 - Fairly familiar,yes,40,25 - 34,Biology,,Europe
1410,5 - Very familiar,yes,50,45 - 54,Medicine,,Australasia
1416,5 - Very familiar,yes,50,25 - 34,Biology,,South America
1417,4 - Fairly familiar,yes,30,25 - 34,Other,cognitive neuroscience,Europe
1424,5 - Very familiar,yes,90,45 - 54,Physics,,North America
1427,5 - Very familiar,yes,30,35 - 44,Other,Cognitive Neuroscience,Europe
1428,5 - Very familiar,yes,30,25 - 34,Biology,,North America
1430,5 - Very familiar,yes,90,65 or over,Earth Science,,North America
1439,5 - Very familiar,yes,70,25 - 34,Physics,,Australasia
1443,5 - Very familiar,yes,70,25 - 34,Biology,,Australasia
1448,5 - Very familiar,yes,70,45 - 54,Biology,,Asia
1456,5 - Very familiar,yes,50,45 - 54,Biology,,Europe
1457,5 - Very familiar,yes,40,45 - 54,Biology,,Europe
1458,5 - Very familiar,yes,60,35 - 44,Engineering,,Europe
1459,5 - Very familiar,yes,90,35 - 44,Astonomy,,North America
1462,5 - Very familiar,yes,80,25 - 34,Other,Biochemistry,Europe
1469,4 - Fairly familiar,no,90,65 or over,Physics,,Europe
1475,5 - Very familiar,yes,40,35 - 44,Other,Cognitive Psychology,North America
1478,4 - Fairly familiar,yes,70,55 - 64,Other,Agriculture,Australasia
1494,5 - Very familiar,yes,40,55 - 64,Other,molecular naotechnology,Asia
1495,5 - Very familiar,yes,80,35 - 44,Biology,,North America
1501,5 - Very familiar,yes,80,55 - 64,Biology,,Asia
1502,5 - Very familiar,yes,100,45 - 54,Earth Science,,Asia
1505,5 - Very familiar,yes,50,25 - 34,Biology,,Asia
1506,5 - Very familiar,yes,90,45 - 54,Biology,,Asia
1520,5 - Very familiar,yes,90,25 - 34,Biology,,Australasia
1523,5 - Very familiar,yes,90,45 - 54,Materials Science,,Asia
1525,5 - Very familiar,yes,10,35 - 44,Earth Science,,Australasia
1526,4 - Fairly familiar,yes,30,35 - 44,Biology,,North America
1531,5 - Very familiar,yes,70,25 - 34,Biology,,North America
1533,5 - Very familiar,yes,80,25 - 34,Biology,,North America
1535,5 - Very familiar,yes,50,25 - 34,Medicine,,Europe
1548,5 - Very familiar,yes,30,45 - 54,Earth Science,,North America
1550,5 - Very familiar,yes,10,35 - 44,Biology,,Asia
1552,5 - Very familiar,yes,30,25 - 34,Materials Science,,Asia
1554,4 - Fairly familiar,yes,70,25 - 34,Engineering,,Australasia
1557,3 - Somewhat familiar,no,90,25 - 34,Physics,,Asia
1558,5 - Very familiar,yes,80,45 - 54,Medicine,,Asia
1559,2 - Not very familiar,yes,100,25 - 34,Biology,,Asia
1565,5 - Very familiar,yes,70,25 - 34,Physics,,Asia
1567,5 - Very familiar,yes,30,55 - 64,Materials Science,,Asia
1568,4 - Fairly familiar,yes,90,25 - 34,Earth Science,,Asia
1569,4 - Fairly familiar,yes,90,25 - 34,Earth Science,,Asia
1570,5 - Very familiar,yes,30,45 - 54,Other,Economics,Australasia
1573,2 - Not very familiar,yes,90,25 - 34,Biology,,Asia
1576,5 - Very familiar,yes,10,35 - 44,Medicine,,North America
1577,5 - Very familiar,no,50,35 - 44,Earth Science,,Australasia
1579,5 - Very familiar,yes,80,25 - 34,Biology,,Australasia
1584,5 - Very familiar,yes,40,25 - 34,Medicine,,Asia
1600,5 - Very familiar,yes,80,55 - 64,Other,Agrobiotechnology,North America
1604,4 - Fairly familiar,yes,70,25 - 34,Medicine,,Australasia
1605,5 - Very familiar,yes,70,35 - 44,Biology,,Asia
1607,5 - Very familiar,yes,40,35 - 44,Other,Information Technology,Asia
1616,5 - Very familiar,yes,80,45 - 54,Biology,,Australasia
1620,5 - Very familiar,yes,90,55 - 64,Physics,,Europe
1627,4 - Fairly familiar,yes,80,25 - 34,Biology,,Asia
1629,5 - Very familiar,yes,80,25 - 34,Other,NANO SCIENCE ,Asia
1631,5 - Very familiar,yes,70,65 or over,Biology,,North America
1640,5 - Very familiar,no,90,25 - 34,Materials Science,,Asia
1646,4 - Fairly familiar,yes,30,45 - 54,Biology,,Asia
1649,5 - Very familiar,yes,40,25 - 34,Chemistry,,Asia
1651,5 - Very familiar,yes,80,45 - 54,Biology,,Australasia
1662,5 - Very familiar,yes,90,25 - 34,Chemistry,,Asia
1664,5 - Very familiar,yes,80,55 - 64,Materials Science,,Asia
1665,5 - Very familiar,yes,80,45 - 54,Engineering,,Australasia
1667,5 - Very familiar,yes,10,35 - 44,Astonomy,,Asia
1674,5 - Very familiar,yes,70,45 - 54,Chemistry,,North America
1675,5 - Very familiar,yes,50,25 - 34,Biology,,Asia
1676,4 - Fairly familiar,yes,90,35 - 44,Biology,,Asia
1688,5 - Very familiar,yes,70,25 - 34,Biology,,Australasia
1689,5 - Very familiar,yes,30,35 - 44,Biology,,North America
1694,5 - Very familiar,yes,90,25 - 34,Physics,,Asia
1697,5 - Very familiar,yes,90,45 - 54,Chemistry,,Asia
1700,5 - Very familiar,yes,30,35 - 44,Biology,,Asia
1713,4 - Fairly familiar,yes,40,25 - 34,Materials Science,,Asia
1714,5 - Very familiar,no,50,25 - 34,Biology,,Europe
1716,5 - Very familiar,yes,70,25 - 34,Earth Science,,Asia
1717,5 - Very familiar,yes,70,25 - 34,Biology,,Asia
1718,4 - Fairly familiar,yes,70,35 - 44,Medicine,,South America
1723,5 - Very familiar,yes,60,25 - 34,Medicine,,Europe
1729,5 - Very familiar,yes,70,55 - 64,Materials Science,,Europe
1730,4 - Fairly familiar,yes,60,25 - 34,Biology,,Asia
1732,5 - Very familiar,yes,70,35 - 44,Chemistry,,Europe
1737,3 - Somewhat familiar,yes,10,25 - 34,Biology,,Asia
1742,5 - Very familiar,yes,50,35 - 44,Biology,,Europe
1743,5 - Very familiar,yes,70,35 - 44,Biology,,Europe
1747,5 - Very familiar,yes,90,55 - 64,Biology,,North America
1751,4 - Fairly familiar,yes,70,25 - 34,Other,Toxicology,Europe
1752,3 - Somewhat familiar,yes,60,45 - 54,Materials Science,,Europe
1755,3 - Somewhat familiar,yes,70,45 - 54,Other,Agriculture,Asia
1760,5 - Very familiar,yes,40,35 - 44,Other,Food chemistry,Europe
1773,5 - Very familiar,yes,80,65 or over,Chemistry,,Asia
1774,5 - Very familiar,yes,70,18 - 24,Other,cognitive neuroscience,Asia
1777,4 - Fairly familiar,yes,60,45 - 54,Biology,,Europe
1782,3 - Somewhat familiar,yes,20,45 - 54,Chemistry,,Asia
1783,4 - Fairly familiar,yes,50,35 - 44,Medicine,,Europe
1791,4 - Fairly familiar,yes,70,25 - 34,Chemistry,,Europe
1799,5 - Very familiar,yes,80,45 - 54,Biology,,Australasia
1800,3 - Somewhat familiar,yes,10,35 - 44,Other,Geography,Europe
1801,5 - Very familiar,yes,40,45 - 54,Biology,,Europe
1808,5 - Very familiar,yes,80,25 - 34,Biology,,Asia
1809,5 - Very familiar,yes,20,25 - 34,Chemistry,,Europe
1812,5 - Very familiar,yes,60,45 - 54,Other,"Interdisciplinary science (Physiology, Engineering)",Europe
1815,5 - Very familiar,yes,50,35 - 44,Biology,,Europe
1818,4 - Fairly familiar,yes,60,18 - 24,Biology,,Europe
1820,5 - Very familiar,yes,80,25 - 34,Biology,,Europe
1822,5 - Very familiar,yes,60,35 - 44,Biology,,Europe
1823,4 - Fairly familiar,no,60,45 - 54,Medicine,,Europe
1837,3 - Somewhat familiar,yes,20,35 - 44,Other,Psychology,Europe
1840,3 - Somewhat familiar,yes,30,25 - 34,Biology,,Asia
1842,5 - Very familiar,yes,70,55 - 64,Biology,,Europe
1843,5 - Very familiar,yes,20,18 - 24,Biology,,Asia
1844,4 - Fairly familiar,yes,60,25 - 34,Medicine,,Asia
1851,5 - Very familiar,yes,60,25 - 34,Other,Biophysics,Europe
1881,5 - Very familiar,yes,50,55 - 64,Chemistry,,Europe
1888,5 - Very familiar,yes,50,35 - 44,Biology,,Europe
1890,4 - Fairly familiar,yes,60,25 - 34,Biology,,Europe
1910,5 - Very familiar,yes,80,65 or over,Earth Science,,Europe
1911,5 - Very familiar,yes,90,25 - 34,Biology,,Europe
1917,5 - Very familiar,yes,80,65 or over,Medicine,,Asia
1931,3 - Somewhat familiar,no,40,25 - 34,Materials Science,,Asia
1934,4 - Fairly familiar,yes,60,35 - 44,Other,Medical Biology and Genetics,Europe
1937,3 - Somewhat familiar,yes,40,35 - 44,Earth Science,,Europe
1938,5 - Very familiar,yes,30,25 - 34,Medicine,,Europe
1949,5 - Very familiar,yes,80,35 - 44,Biology,,Asia
1951,3 - Somewhat familiar,yes,50,25 - 34,Biology,,Europe
1954,5 - Very familiar,yes,60,35 - 44,Biology,,Europe
1958,3 - Somewhat familiar,yes,50,25 - 34,Biology,,Asia
1960,5 - Very familiar,yes,70,25 - 34,Biology,,Europe
1961,5 - Very familiar,yes,60,25 - 34,Biology,,North America
1969,4 - Fairly familiar,yes,80,35 - 44,Materials Science,,Europe
1972,5 - Very familiar,yes,70,65 or over,Biology,,South America
1975,5 - Very familiar,no,70,55 - 64,Other,"Philosophy of science, AI, palaeontology",Europe
1976,4 - Fairly familiar,yes,50,25 - 34,Other,Veterinary Medicine,North America
1981,5 - Very familiar,yes,70,55 - 64,Biology,,Europe
1982,5 - Very familiar,yes,20,35 - 44,Biology,,Europe
1986,3 - Somewhat familiar,yes,50,25 - 34,Biology,,Asia
1989,5 - Very familiar,no,90,25 - 34,Physics,,Europe
1992,5 - Very familiar,yes,20,25 - 34,Biology,,North America
1993,5 - Very familiar,yes,50,25 - 34,Biology,,Europe
2004,4 - Fairly familiar,yes,70,35 - 44,Medicine,,North America
2007,5 - Very familiar,yes,90,18 - 24,Biology,,Asia
2009,4 - Fairly familiar,yes,70,65 or over,Other,Experimental Linguistics,Europe
2011,4 - Fairly familiar,yes,90,55 - 64,Medicine,,Europe
2021,5 - Very familiar,yes,40,25 - 34,Other,Molecular biology and biochemistry ,North America
2042,4 - Fairly familiar,yes,40,25 - 34,Biology,,North America
2050,5 - Very familiar,yes,30,35 - 44,Other,Psychology,Europe
2054,5 - Very familiar,yes,90,18 - 24,Chemistry,,North America
2055,5 - Very familiar,yes,80,25 - 34,Astonomy,,North America
2058,5 - Very familiar,yes,60,25 - 34,Biology,,Europe
2062,4 - Fairly familiar,yes,50,35 - 44,Biology,,Europe
2084,5 - Very familiar,yes,90,65 or over,Medicine,,North America
2089,5 - Very familiar,yes,70,35 - 44,Biology,,Europe
2093,5 - Very familiar,yes,40,18 - 24,Medicine,,Asia
2097,5 - Very familiar,yes,20,25 - 34,Medicine,,Europe
2104,5 - Very familiar,yes,60,25 - 34,Biology,,North America
2108,5 - Very familiar,yes,50,45 - 54,Medicine,,Australasia
2118,5 - Very familiar,yes,40,35 - 44,Biology,,Europe
2119,5 - Very familiar,yes,10,35 - 44,Earth Science,,Europe
2132,5 - Very familiar,yes,60,55 - 64,Earth Science,,Europe
2134,4 - Fairly familiar,yes,70,45 - 54,Medicine,,Asia
2139,4 - Fairly familiar,yes,50,35 - 44,Medicine,,North America
2154,4 - Fairly familiar,yes,60,65 or over,Biology,,Europe
2155,5 - Very familiar,yes,70,35 - 44,Other,Quantum biochemistry,South America
2177,5 - Very familiar,yes,30,35 - 44,Biology,,South America
2178,5 - Very familiar,yes,70,65 or over,Medicine,,South America
2187,5 - Very familiar,yes,40,25 - 34,Medicine,,Europe
2190,5 - Very familiar,yes,60,55 - 64,Biology,,Europe
2196,5 - Very familiar,yes,40,35 - 44,Medicine,,North America
2198,5 - Very familiar,yes,30,25 - 34,Medicine,,North America
2207,5 - Very familiar,yes,60,25 - 34,Chemistry,,North America
2219,4 - Fairly familiar,yes,80,65 or over,Biology,,South America
2221,4 - Fairly familiar,no,30,35 - 44,Medicine,,North America
2222,4 - Fairly familiar,yes,60,45 - 54,Other,Agricultural Sciences,Europe
2232,5 - Very familiar,yes,50,35 - 44,Biology,,North America
2234,5 - Very familiar,yes,80,35 - 44,Medicine,,Asia
2240,5 - Very familiar,yes,60,55 - 64,Biology,,North America
2241,5 - Very familiar,yes,50,25 - 34,Biology,,Europe
2247,5 - Very familiar,yes,70,25 - 34,Biology,,North America
2249,5 - Very familiar,yes,70,35 - 44,Biology,,Europe
2250,5 - Very familiar,yes,70,35 - 44,Chemistry,,North America
2257,5 - Very familiar,yes,80,18 - 24,Biology,,North America
2283,2 - Not very familiar,yes,50,65 or over,Chemistry,,South America
2285,5 - Very familiar,yes,50,25 - 34,Biology,,Europe
2287,5 - Very familiar,yes,40,25 - 34,Engineering,,North America
2288,3 - Somewhat familiar,yes,70,35 - 44,Biology,,Europe
2293,5 - Very familiar,yes,10,25 - 34,Biology,,North America
2313,4 - Fairly familiar,yes,60,35 - 44,Earth Science,,North America
2352,5 - Very familiar,yes,50,25 - 34,Other,Psychology,North America
2353,5 - Very familiar,yes,60,55 - 64,Biology,,Australasia
2366,4 - Fairly familiar,yes,10,55 - 64,Other,archaeologyg,North America
2371,5 - Very familiar,yes,40,25 - 34,Biology,,North America
2378,5 - Very familiar,yes,60,45 - 54,Earth Science,,North America
2381,5 - Very familiar,yes,50,55 - 64,Chemistry,,North America
2394,5 - Very familiar,yes,30,45 - 54,Other,environmental biology,Asia
2396,4 - Fairly familiar,yes,80,25 - 34,Other,Social sciences ,North America
2404,5 - Very familiar,yes,10,35 - 44,Materials Science,,Asia
2416,5 - Very familiar,yes,80,25 - 34,Biology,,South America
2429,5 - Very familiar,yes,90,25 - 34,Chemistry,,Europe
2430,5 - Very familiar,yes,20,25 - 34,Medicine,,North America
2442,2 - Not very familiar,yes,80,18 - 24,Biology,,North America
2448,4 - Fairly familiar,yes,40,25 - 34,Medicine,,Africa
2482,5 - Very familiar,yes,90,35 - 44,Biology,,Europe
2546,5 - Very familiar,yes,40,25 - 34,Biology,,Europe
2550,5 - Very familiar,yes,80,45 - 54,Chemistry,,Asia
2551,5 - Very familiar,yes,50,25 - 34,Materials Science,,Europe
2553,5 - Very familiar,yes,70,35 - 44,Biology,,Europe
2558,5 - Very familiar,yes,50,35 - 44,Other,Biochemistry,Europe
2564,5 - Very familiar,yes,90,25 - 34,Physics,,Europe
2568,4 - Fairly familiar,yes,50,45 - 54,Biology,,Europe
2573,5 - Very familiar,yes,20,25 - 34,Biology,,Europe
2580,4 - Fairly familiar,yes,40,25 - 34,Other,Biochemistry,Asia
2602,4 - Fairly familiar,yes,60,25 - 34,Other,Pharmaceutics,North America
2608,5 - Very familiar,yes,80,25 - 34,Biology,,North America
2609,5 - Very familiar,yes,60,25 - 34,Other,Psychology,North America
2611,2 - Not very familiar,yes,60,35 - 44,Biology,,North America
2613,5 - Very familiar,yes,40,25 - 34,Biology,,North America
2615,5 - Very familiar,yes,70,25 - 34,Other,Economics,North America
2620,5 - Very familiar,yes,40,35 - 44,Biology,,Europe
2621,4 - Fairly familiar,yes,30,45 - 54,Biology,,Europe
2622,5 - Very familiar,yes,60,25 - 34,Biology,,Asia
2625,5 - Very familiar,yes,60,25 - 34,Biology,,Europe
2638,5 - Very familiar,yes,70,25 - 34,Chemistry,,South America
2645,5 - Very familiar,yes,80,25 - 34,Physics,,Asia
2661,5 - Very familiar,yes,60,25 - 34,Materials Science,,North America
2667,5 - Very familiar,yes,20,45 - 54,Chemistry,,North America
2669,5 - Very familiar,yes,20,25 - 34,Biology,,Europe
2670,5 - Very familiar,yes,70,35 - 44,Chemistry,,Europe
2672,4 - Fairly familiar,no,70,25 - 34,Chemistry,,Europe
2682,5 - Very familiar,yes,70,25 - 34,Chemistry,,North America
2689,5 - Very familiar,yes,80,25 - 34,Medicine,,North America
2696,5 - Very familiar,yes,30,45 - 54,Other,"Microbiology, biotechnology, engineering, material science",Europe
2697,5 - Very familiar,yes,80,65 or over,Chemistry,,North America
2703,5 - Very familiar,yes,80,18 - 24,Biology,,North America
2711,4 - Fairly familiar,yes,70,45 - 54,Other,Organizational Psychology,North America
2713,3 - Somewhat familiar,yes,90,25 - 34,Biology,,North America
2733,2 - Not very familiar,no,70,18 - 24,Engineering,,North America
2735,5 - Very familiar,yes,30,25 - 34,Engineering,,North America
2739,5 - Very familiar,yes,70,25 - 34,Biology,,North America
2740,3 - Somewhat familiar,yes,60,25 - 34,Chemistry,,Asia
2753,5 - Very familiar,yes,30,18 - 24,Biology,,South America
2763,5 - Very familiar,yes,60,25 - 34,Biology,,Europe
2764,3 - Somewhat familiar,yes,40,25 - 34,Biology,,Asia
2772,5 - Very familiar,yes,80,25 - 34,Medicine,,Asia
2773,5 - Very familiar,yes,50,25 - 34,Biology,,Australasia
2774,2 - Not very familiar,no,10,18 - 24,Biology,,Asia
2779,5 - Very familiar,yes,10,45 - 54,Physics,,Europe
2788,5 - Very familiar,yes,70,25 - 34,Biology,,Asia
2796,5 - Very familiar,yes,30,25 - 34,Materials Science,,Africa
2802,4 - Fairly familiar,yes,40,25 - 34,Materials Science,,Asia
2807,5 - Very familiar,yes,40,25 - 34,Biology,,Asia
2818,4 - Fairly familiar,yes,10,25 - 34,Other,Neuroscience,North America
2822,5 - Very familiar,yes,60,25 - 34,Biology,,Europe
2826,4 - Fairly familiar,yes,60,25 - 34,Biology,,Asia
2830,5 - Very familiar,yes,40,25 - 34,Other,Computer Science,Europe
2836,5 - Very familiar,yes,20,25 - 34,Other,Economics,North America
2839,5 - Very familiar,yes,80,25 - 34,Medicine,,Europe
2846,5 - Very familiar,yes,70,35 - 44,Materials Science,,South America
2852,4 - Fairly familiar,yes,70,35 - 44,Biology,,Europe
2853,4 - Fairly familiar,yes,40,25 - 34,Medicine,,Europe
2854,5 - Very familiar,yes,60,25 - 34,Medicine,,Europe
2862,5 - Very familiar,yes,30,65 or over,Chemistry,,Europe
2881,5 - Very familiar,yes,80,35 - 44,Biology,,Asia
2890,5 - Very familiar,no,60,35 - 44,Medicine,,Asia
2894,4 - Fairly familiar,no,50,25 - 34,Medicine,,Europe
2896,4 - Fairly familiar,yes,50,25 - 34,Earth Science,,North America
2913,4 - Fairly familiar,yes,60,45 - 54,Other,neuroscience,North America
2920,5 - Very familiar,yes,70,25 - 34,Chemistry,,Europe
2927,5 - Very familiar,yes,70,35 - 44,Other,Psychology,Australasia
2932,5 - Very familiar,yes,40,25 - 34,Biology,,North America
2935,5 - Very familiar,yes,60,25 - 34,Materials Science,,Asia
2940,5 - Very familiar,yes,80,25 - 34,Physics,,Europe
2947,5 - Very familiar,yes,40,25 - 34,Biology,,North America
2961,4 - Fairly familiar,yes,70,55 - 64,Other,Epidemiology,Australasia
2975,4 - Fairly familiar,yes,50,25 - 34,Biology,,Europe
2981,5 - Very familiar,yes,60,35 - 44,Medicine,,Europe
2983,5 - Very familiar,yes,40,25 - 34,Chemistry,,Europe
2985,4 - Fairly familiar,yes,20,35 - 44,Biology,,Australasia
2991,5 - Very familiar,yes,80,25 - 34,Biology,,Europe
2994,5 - Very familiar,yes,30,25 - 34,Other,Psychology,Australasia
3000,5 - Very familiar,yes,80,25 - 34,Biology,,Australasia
3003,5 - Very familiar,yes,50,25 - 34,Biology,,Europe
3004,3 - Somewhat familiar,yes,80,25 - 34,Medicine,,Asia
3006,4 - Fairly familiar,yes,70,55 - 64,Earth Science,,Europe
3019,4 - Fairly familiar,yes,30,35 - 44,Physics,,Europe
3032,3 - Somewhat familiar,yes,20,25 - 34,Engineering,,Europe
3040,5 - Very familiar,yes,50,25 - 34,Medicine,,Europe
3041,5 - Very familiar,yes,50,18 - 24,Other,Psychology,North America
3050,4 - Fairly familiar,yes,80,55 - 64,Medicine,,Europe
3055,5 - Very familiar,yes,50,35 - 44,Biology,,Europe
3060,4 - Fairly familiar,yes,40,18 - 24,Biology,,North America
3063,4 - Fairly familiar,yes,30,35 - 44,Biology,,North America
3067,4 - Fairly familiar,yes,70,55 - 64,Biology,,North America
3070,4 - Fairly familiar,yes,70,25 - 34,Medicine,,North America
3073,5 - Very familiar,yes,80,45 - 54,Biology,,Europe
3075,4 - Fairly familiar,yes,30,25 - 34,Other,Psychology,Europe
3088,5 - Very familiar,yes,60,55 - 64,Medicine,,Europe
3090,5 - Very familiar,no,80,45 - 54,Biology,,North America
3109,5 - Very familiar,yes,70,25 - 34,Biology,,Europe
3111,5 - Very familiar,yes,20,25 - 34,Biology,,North America
3116,5 - Very familiar,no,90,55 - 64,Biology,,North America
3118,5 - Very familiar,yes,80,45 - 54,Other,Physiology,North America
3119,5 - Very familiar,yes,40,25 - 34,Biology,,North America
3127,4 - Fairly familiar,yes,80,55 - 64,Physics,,Europe
3130,5 - Very familiar,yes,10,45 - 54,Other,social sciences,North America
3133,4 - Fairly familiar,yes,60,45 - 54,Medicine,,Europe
3135,5 - Very familiar,yes,70,25 - 34,Biology,,North America
3138,4 - Fairly familiar,yes,80,45 - 54,Biology,,North America
3139,5 - Very familiar,yes,50,35 - 44,Other,nursing,North America
3140,5 - Very familiar,yes,30,45 - 54,Medicine,,South America
3145,5 - Very familiar,yes,50,45 - 54,Biology,,Australasia
3155,5 - Very familiar,yes,80,18 - 24,Biology,,North America
3158,5 - Very familiar,yes,60,55 - 64,Biology,,Australasia
3166,4 - Fairly familiar,yes,70,25 - 34,Biology,,North America
3176,5 - Very familiar,yes,30,25 - 34,Biology,,North America
3178,4 - Fairly familiar,yes,70,25 - 34,Chemistry,,North America
3182,5 - Very familiar,yes,70,25 - 34,Biology,,North America
3199,5 - Very familiar,yes,20,65 or over,Materials Science,,Asia
3201,5 - Very familiar,yes,30,25 - 34,Biology,,North America
3202,4 - Fairly familiar,yes,60,35 - 44,Medicine,,North America
3204,5 - Very familiar,yes,40,65 or over,Biology,,Europe
3212,5 - Very familiar,yes,40,35 - 44,Other,psychology,Asia
3216,4 - Fairly familiar,yes,50,25 - 34,Biology,,Europe
3226,4 - Fairly familiar,yes,70,18 - 24,Biology,,North America
3230,5 - Very familiar,yes,70,35 - 44,Other,Psychology and neuroscience,Europe
3233,4 - Fairly familiar,yes,70,35 - 44,Materials Science,,Asia
3235,5 - Very familiar,yes,50,55 - 64,Biology,,Asia
3242,4 - Fairly familiar,yes,50,25 - 34,Medicine,,Europe
3245,5 - Very familiar,yes,70,35 - 44,Biology,,Asia
3259,5 - Very familiar,yes,40,35 - 44,Biology,,Europe
3268,5 - Very familiar,yes,30,45 - 54,Biology,,Europe
3273,5 - Very familiar,yes,60,65 or over,Biology,,Europe
3292,5 - Very familiar,yes,50,25 - 34,Biology,,North America
3322,5 - Very familiar,yes,70,45 - 54,Biology,,Europe
3325,4 - Fairly familiar,yes,70,25 - 34,Medicine,,North America
3327,5 - Very familiar,yes,50,25 - 34,Medicine,,Europe
3328,5 - Very familiar,yes,30,35 - 44,Biology,,Europe
3329,4 - Fairly familiar,yes,80,65 or over,Materials Science,,Australasia
3330,3 - Somewhat familiar,yes,80,25 - 34,Materials Science,,North America
3331,5 - Very familiar,yes,10,25 - 34,Medicine,,Europe
3334,5 - Very familiar,yes,40,35 - 44,Chemistry,,Europe
3336,5 - Very familiar,yes,60,25 - 34,Biology,,North America
3337,5 - Very familiar,yes,60,18 - 24,Biology,,Africa
3339,3 - Somewhat familiar,yes,10,25 - 34,Engineering,,North America
3340,3 - Somewhat familiar,yes,50,45 - 54,Medicine,,Asia
3349,4 - Fairly familiar,yes,80,35 - 44,Biology,,Europe
3350,5 - Very familiar,yes,50,35 - 44,Biology,,Europe
3351,5 - Very familiar,yes,80,45 - 54,Earth Science,,Europe
3352,5 - Very familiar,no,10,55 - 64,Engineering,,North America
3354,5 - Very familiar,yes,70,35 - 44,Medicine,,South America
3355,4 - Fairly familiar,yes,90,25 - 34,Medicine,,Europe
3359,3 - Somewhat familiar,yes,60,25 - 34,Medicine,,Europe
3360,5 - Very familiar,yes,90,55 - 64,Physics,,Europe
3362,5 - Very familiar,yes,40,55 - 64,Biology,,Europe
3363,5 - Very familiar,yes,90,65 or over,Earth Science,,Europe
3364,5 - Very familiar,no,30,25 - 34,Other,Biomedical,Europe
3366,4 - Fairly familiar,yes,80,25 - 34,Biology,,North America
3367,4 - Fairly familiar,yes,60,25 - 34,Biology,,Asia
3368,5 - Very familiar,yes,70,35 - 44,Biology,,Europe
3369,3 - Somewhat familiar,yes,60,55 - 64,Other,Diagnostic,South America
3373,5 - Very familiar,no,70,45 - 54,Earth Science,,Europe
3375,5 - Very familiar,yes,60,35 - 44,Physics,,Europe
3376,5 - Very familiar,yes,90,65 or over,Biology,,North America
3378,4 - Fairly familiar,yes,80,55 - 64,Engineering,,Europe
3379,3 - Somewhat familiar,no,60,18 - 24,Other,Pharmacology,Europe
3382,5 - Very familiar,yes,60,25 - 34,Biology,,Europe
3388,4 - Fairly familiar,yes,90,55 - 64,Biology,,North America
3389,5 - Very familiar,yes,30,25 - 34,Biology,,Europe
3393,5 - Very familiar,yes,60,55 - 64,Biology,,South America
3395,5 - Very familiar,yes,60,25 - 34,Materials Science,,Europe
3399,3 - Somewhat familiar,yes,90,35 - 44,Other,mathematics,Europe
3401,4 - Fairly familiar,yes,70,25 - 34,Materials Science,,Asia
3403,4 - Fairly familiar,yes,60,55 - 64,Physics,,Europe
3405,4 - Fairly familiar,yes,50,25 - 34,Biology,,Europe
3408,5 - Very familiar,no,80,55 - 64,Biology,,North America
3409,5 - Very familiar,yes,50,35 - 44,Other,Cancer Research,Europe
3410,3 - Somewhat familiar,yes,50,45 - 54,Engineering,,South America
3412,4 - Fairly familiar,yes,70,65 or over,Physics,,Europe
3414,5 - Very familiar,yes,60,25 - 34,Biology,,Europe
3415,5 - Very familiar,yes,90,55 - 64,Physics,,Europe
3416,5 - Very familiar,yes,70,55 - 64,Biology,,South America
3417,5 - Very familiar,yes,80,25 - 34,Biology,,North America
3419,5 - Very familiar,yes,70,25 - 34,Engineering,,Europe
3420,5 - Very familiar,yes,40,25 - 34,Biology,,Europe
3423,5 - Very familiar,yes,10,65 or over,Physics,,Asia
3426,5 - Very familiar,yes,30,18 - 24,Other,Biochemistry,Europe
3428,5 - Very familiar,yes,70,25 - 34,Biology,,North America
3431,5 - Very familiar,yes,70,45 - 54,Physics,,Europe
3435,5 - Very familiar,yes,30,35 - 44,Earth Science,,Europe
3436,3 - Somewhat familiar,yes,80,65 or over,Physics,,Europe
3437,5 - Very familiar,yes,50,18 - 24,Biology,,North America
3438,5 - Very familiar,yes,70,25 - 34,Biology,,North America
3439,4 - Fairly familiar,yes,30,25 - 34,Biology,,Europe
3440,4 - Fairly familiar,yes,50,35 - 44,Biology,,North America
3450,5 - Very familiar,yes,60,35 - 44,Biology,,North America
3451,5 - Very familiar,yes,70,25 - 34,Earth Science,,North America
3455,4 - Fairly familiar,yes,70,25 - 34,Biology,,South America
3460,5 - Very familiar,no,70,25 - 34,Medicine,,North America
3461,4 - Fairly familiar,no,90,25 - 34,Biology,,Asia
3462,5 - Very familiar,yes,70,55 - 64,Biology,,North America
3468,5 - Very familiar,yes,70,25 - 34,Biology,,Europe
3470,5 - Very familiar,yes,80,45 - 54,Biology,,Europe
3471,4 - Fairly familiar,yes,80,25 - 34,Biology,,North America
3472,5 - Very familiar,yes,90,25 - 34,Medicine,,Asia
3473,3 - Somewhat familiar,no,60,25 - 34,Physics,,Europe
3474,5 - Very familiar,yes,70,25 - 34,Biology,,North America
3477,5 - Very familiar,yes,0,35 - 44,Other,Neuroscience,Europe
3479,5 - Very familiar,no,50,25 - 34,Biology,,Europe
3480,5 - Very familiar,yes,70,45 - 54,Physics,,Europe
3481,4 - Fairly familiar,yes,50,25 - 34,Biology,,Europe
3488,5 - Very familiar,yes,90,55 - 64,Physics,,Europe
3489,5 - Very familiar,yes,50,25 - 34,Biology,,Europe
3490,4 - Fairly familiar,yes,70,18 - 24,Biology,,Europe
3491,5 - Very familiar,yes,70,45 - 54,Biology,,South America
3494,5 - Very familiar,yes,90,65 or over,Materials Science,,Europe
3498,4 - Fairly familiar,yes,40,25 - 34,Medicine,,Asia
3499,4 - Fairly familiar,yes,40,35 - 44,Materials Science,,Europe
3501,5 - Very familiar,yes,90,55 - 64,Biology,,Europe
3507,5 - Very familiar,yes,80,65 or over,Biology,,North America
3508,5 - Very familiar,yes,70,25 - 34,Biology,,Europe
3511,5 - Very familiar,yes,40,25 - 34,Biology,,Europe
3512,5 - Very familiar,yes,80,55 - 64,Biology,,Europe
3514,5 - Very familiar,yes,40,25 - 34,Biology,,Europe
3518,5 - Very familiar,yes,70,25 - 34,Biology,,Europe
3519,5 - Very familiar,yes,70,65 or over,Other,"radiation genetics,molecular biology",Europe
3520,5 - Very familiar,yes,80,35 - 44,Biology,,Europe
3524,5 - Very familiar,yes,20,55 - 64,Biology,,North America
3527,5 - Very familiar,yes,10,35 - 44,Biology,,North America
3530,5 - Very familiar,yes,30,35 - 44,Other,Neuroscience,North America
3532,4 - Fairly familiar,yes,40,35 - 44,Biology,,North America
3534,5 - Very familiar,yes,90,35 - 44,Earth Science,,South America
3536,4 - Fairly familiar,yes,70,18 - 24,Materials Science,,Asia
3538,5 - Very familiar,yes,50,65 or over,Biology,,North America
3539,5 - Very familiar,yes,30,25 - 34,Biology,,North America
3540,5 - Very familiar,yes,80,35 - 44,Biology,,Europe
3545,5 - Very familiar,yes,70,35 - 44,Biology,,North America
3547,5 - Very familiar,yes,70,45 - 54,Biology,,Europe
3548,5 - Very familiar,yes,10,25 - 34,Biology,,Asia
3549,5 - Very familiar,yes,90,45 - 54,Biology,,Europe
3550,5 - Very familiar,yes,50,45 - 54,Medicine,,Asia
3551,5 - Very familiar,yes,50,35 - 44,Medicine,,Europe
3552,5 - Very familiar,yes,60,35 - 44,Biology,,North America
3555,5 - Very familiar,yes,40,35 - 44,Chemistry,,Europe
3558,5 - Very familiar,yes,50,35 - 44,Other,Chemistry and Material Science,Europe
3559,4 - Fairly familiar,yes,80,25 - 34,Other,computation,South America
3563,5 - Very familiar,yes,30,25 - 34,Other,Psychology and Neuroscience,South America
3568,5 - Very familiar,yes,70,25 - 34,Biology,,North America
3571,5 - Very familiar,yes,70,25 - 34,Biology,,North America
3574,3 - Somewhat familiar,yes,50,35 - 44,Biology,,North America
3584,5 - Very familiar,yes,70,25 - 34,Biology,,North America
3593,5 - Very familiar,yes,90,35 - 44,Biology,,North America
3595,5 - Very familiar,yes,60,45 - 54,Medicine,,Europe
3603,5 - Very familiar,yes,80,25 - 34,Physics,,South America
3609,5 - Very familiar,no,70,35 - 44,Earth Science,,South America
3612,5 - Very familiar,yes,30,25 - 34,Biology,,North America
3613,5 - Very familiar,no,80,55 - 64,Chemistry,,North America
3615,5 - Very familiar,yes,20,45 - 54,Physics,,Europe
3617,5 - Very familiar,yes,50,45 - 54,Medicine,,Europe
3618,5 - Very familiar,yes,50,35 - 44,Other,Neuroscience,North America
3624,4 - Fairly familiar,yes,60,45 - 54,Materials Science,,North America
3625,3 - Somewhat familiar,yes,70,18 - 24,Medicine,,South America
3626,4 - Fairly familiar,yes,80,25 - 34,Biology,,Asia
3627,5 - Very familiar,yes,70,25 - 34,Biology,,North America
3632,4 - Fairly familiar,yes,80,45 - 54,Other,Social Science,Europe
3634,5 - Very familiar,yes,30,45 - 54,Medicine,,Europe
3636,3 - Somewhat familiar,yes,0,65 or over,Other,Cybernetics,North America
3645,5 - Very familiar,no,70,25 - 34,Biology,,South America
3647,5 - Very familiar,yes,70,25 - 34,Medicine,,North America
3648,5 - Very familiar,yes,60,45 - 54,Biology,,North America
3649,3 - Somewhat familiar,yes,20,25 - 34,Engineering,,Asia
3650,3 - Somewhat familiar,yes,70,35 - 44,Medicine,,North America
3657,5 - Very familiar,yes,20,35 - 44,Earth Science,,Europe
3660,5 - Very familiar,yes,30,45 - 54,Biology,,Europe
3661,5 - Very familiar,yes,90,55 - 64,Chemistry,,North America
3663,5 - Very familiar,yes,60,18 - 24,Other,Psychology,North America
3665,5 - Very familiar,yes,90,65 or over,Other,"Interdisciplinary: Biology, Medicine, Computer Science; Education and Social/Behaviorial Sciences, Neurosciences",North America
3669,5 - Very familiar,yes,70,25 - 34,Chemistry,,Europe
3670,5 - Very familiar,yes,40,35 - 44,Medicine,,Europe
3671,5 - Very familiar,yes,80,25 - 34,Biology,,North America
3672,5 - Very familiar,yes,70,35 - 44,Biology,,North America
3674,4 - Fairly familiar,yes,80,25 - 34,Other,biochemistry,North America
3676,5 - Very familiar,yes,100,25 - 34,Biology,,South America
3677,5 - Very familiar,yes,50,25 - 34,Medicine,,Europe
3678,5 - Very familiar,yes,50,55 - 64,Biology,,North America
3679,5 - Very familiar,yes,80,45 - 54,Biology,,North America
3686,5 - Very familiar,no,50,45 - 54,Other,Social Science,Europe
3687,5 - Very familiar,yes,50,45 - 54,Biology,,North America
3688,5 - Very familiar,yes,70,25 - 34,Biology,,North America
3691,4 - Fairly familiar,yes,50,25 - 34,Biology,,North America
3698,5 - Very familiar,yes,70,25 - 34,Biology,,Europe
3701,5 - Very familiar,yes,70,35 - 44,Biology,,North America
3706,5 - Very familiar,yes,90,25 - 34,Medicine,,Europe
3709,4 - Fairly familiar,yes,60,25 - 34,Biology,,South America
3714,3 - Somewhat familiar,yes,30,18 - 24,Biology,,Europe
3726,5 - Very familiar,no,70,25 - 34,Engineering,,North America
3730,5 - Very familiar,yes,50,25 - 34,Physics,,North America
3731,3 - Somewhat familiar,yes,50,45 - 54,Chemistry,,Asia
3735,5 - Very familiar,no,90,18 - 24,Biology,,Asia
3740,5 - Very familiar,yes,20,25 - 34,Biology,,North America
3742,5 - Very familiar,yes,60,25 - 34,Biology,,North America
3749,5 - Very familiar,yes,10,35 - 44,Medicine,,North America
3750,5 - Very familiar,yes,80,35 - 44,Physics,,Australasia
3754,5 - Very familiar,yes,30,35 - 44,Materials Science,,Australasia
3763,5 - Very familiar,yes,40,35 - 44,Biology,,North America
3765,5 - Very familiar,yes,40,55 - 64,Physics,,North America
3767,5 - Very familiar,yes,70,55 - 64,Biology,,Australasia
3768,5 - Very familiar,yes,50,35 - 44,Biology,,North America
3775,5 - Very familiar,yes,50,45 - 54,Biology,,North America
3778,4 - Fairly familiar,yes,40,65 or over,Earth Science,,North America
3782,3 - Somewhat familiar,yes,10,55 - 64,Biology,,North America
3790,5 - Very familiar,yes,50,55 - 64,Medicine,,Australasia
3792,5 - Very familiar,yes,50,45 - 54,Biology,,Asia
3796,5 - Very familiar,yes,70,55 - 64,Earth Science,,South America
3799,5 - Very familiar,yes,30,55 - 64,Earth Science,,North America
3800,5 - Very familiar,yes,90,55 - 64,Other,interdisciplinary biology - chemistry,North America
3803,3 - Somewhat familiar,yes,40,25 - 34,Biology,,Asia
3804,5 - Very familiar,yes,60,25 - 34,Materials Science,,Asia
3805,2 - Not very familiar,yes,90,45 - 54,Medicine,,Asia
3810,2 - Not very familiar,yes,70,45 - 54,Biology,,Europe
3811,5 - Very familiar,yes,50,45 - 54,Biology,,Australasia
3813,5 - Very familiar,yes,80,25 - 34,Biology,,Asia
3815,2 - Not very familiar,yes,80,35 - 44,Medicine,,Asia
3816,2 - Not very familiar,yes,20,18 - 24,Biology,,Asia
3817,4 - Fairly familiar,yes,80,25 - 34,Biology,,Australasia
3819,3 - Somewhat familiar,yes,50,18 - 24,Medicine,,Asia
3823,4 - Fairly familiar,yes,90,25 - 34,Biology,,Asia
3826,4 - Fairly familiar,yes,30,25 - 34,Physics,,Asia
3829,3 - Somewhat familiar,yes,80,25 - 34,Other,navigation,Asia
3832,5 - Very familiar,yes,50,25 - 34,Engineering,,South America
3833,5 - Very familiar,yes,50,25 - 34,Engineering,,Asia
3839,5 - Very familiar,yes,60,25 - 34,Engineering,,Asia
3840,3 - Somewhat familiar,yes,80,25 - 34,Chemistry,,Asia
3849,4 - Fairly familiar,yes,30,35 - 44,Medicine,,Asia
3852,5 - Very familiar,yes,70,35 - 44,Materials Science,,Asia
3853,3 - Somewhat familiar,yes,60,25 - 34,Earth Science,,Asia
3854,4 - Fairly familiar,yes,40,18 - 24,Other,Psychology,North America
3857,5 - Very familiar,yes,90,45 - 54,Biology,,Asia
3862,3 - Somewhat familiar,no,90,35 - 44,Medicine,,Asia
3863,5 - Very familiar,yes,80,45 - 54,Medicine,,Australasia
3867,4 - Fairly familiar,yes,80,35 - 44,Engineering,,Asia
3870,4 - Fairly familiar,yes,80,25 - 34,Physics,,Asia
3872,4 - Fairly familiar,yes,70,65 or over,Earth Science,,Europe
3873,5 - Very familiar,yes,60,35 - 44,Biology,,South America
3874,5 - Very familiar,yes,60,25 - 34,Medicine,,Asia
3876,5 - Very familiar,yes,80,25 - 34,Astonomy,,Asia
3880,2 - Not very familiar,yes,80,45 - 54,Engineering,,Asia
3887,5 - Very familiar,yes,70,35 - 44,Biology,,Europe
3888,5 - Very familiar,yes,90,35 - 44,Physics,,Asia
3894,4 - Fairly familiar,yes,60,35 - 44,Biology,,Asia
3895,4 - Fairly familiar,yes,70,25 - 34,Biology,,Europe
3897,5 - Very familiar,yes,80,35 - 44,Biology,,Europe
3902,5 - Very familiar,yes,30,25 - 34,Biology,,Asia
3910,3 - Somewhat familiar,yes,10,18 - 24,Materials Science,,Asia
3912,4 - Fairly familiar,yes,30,25 - 34,Other,Political Science,North America
3914,3 - Somewhat familiar,yes,60,18 - 24,Other,pharmacy ,Asia
3918,5 - Very familiar,yes,40,35 - 44,Biology,,Asia
3934,3 - Somewhat familiar,yes,90,25 - 34,Chemistry,,Asia
3937,4 - Fairly familiar,yes,30,25 - 34,Biology,,Asia
3942,5 - Very familiar,yes,70,55 - 64,Biology,,Asia
3948,4 - Fairly familiar,yes,70,55 - 64,Medicine,,Europe
3949,4 - Fairly familiar,yes,80,25 - 34,Chemistry,,Europe
3950,5 - Very familiar,yes,40,35 - 44,Biology,,Europe
3951,5 - Very familiar,yes,70,25 - 34,Biology,,Europe
3952,4 - Fairly familiar,yes,40,25 - 34,Chemistry,,Europe
3953,4 - Fairly familiar,yes,80,25 - 34,Earth Science,,Europe
3954,5 - Very familiar,yes,60,55 - 64,Biology,,Europe
3957,2 - Not very familiar,yes,80,25 - 34,Physics,,Asia
3961,5 - Very familiar,yes,10,25 - 34,Medicine,,Asia
3963,4 - Fairly familiar,yes,50,18 - 24,Biology,,Europe
3967,4 - Fairly familiar,no,90,55 - 64,Medicine,,Australasia
3969,3 - Somewhat familiar,yes,70,18 - 24,Biology,,Asia
3970,5 - Very familiar,yes,40,25 - 34,Engineering,,Europe
3979,5 - Very familiar,yes,80,65 or over,Other,Metrology,Europe
3980,3 - Somewhat familiar,yes,60,25 - 34,Biology,,Asia
3986,4 - Fairly familiar,yes,90,35 - 44,Physics,,Europe
3994,4 - Fairly familiar,yes,80,55 - 64,Materials Science,,Europe
3998,5 - Very familiar,yes,90,55 - 64,Biology,,South America
4005,5 - Very familiar,yes,0,35 - 44,Other,Computer Science,Europe
4006,5 - Very familiar,yes,30,45 - 54,Physics,,Europe
4013,5 - Very familiar,yes,50,18 - 24,Biology,,Europe
4014,3 - Somewhat familiar,yes,50,25 - 34,Medicine,,Asia
4021,5 - Very familiar,yes,80,35 - 44,Medicine,,Australasia
4025,5 - Very familiar,yes,70,55 - 64,Medicine,,Europe
4026,3 - Somewhat familiar,yes,60,25 - 34,Biology,,Europe
4030,4 - Fairly familiar,no,100,25 - 34,Other,Neuroscience,North America
4034,4 - Fairly familiar,yes,90,55 - 64,Engineering,,Europe
4037,5 - Very familiar,yes,60,18 - 24,Biology,,North America
4047,5 - Very familiar,yes,90,45 - 54,Physics,,Australasia
4049,5 - Very familiar,yes,60,45 - 54,Medicine,,Africa
4053,4 - Fairly familiar,yes,60,65 or over,Biology,,Asia
4064,5 - Very familiar,yes,100,65 or over,Biology,,North America
4065,3 - Somewhat familiar,no,70,65 or over,Earth Science,,Europe
4069,5 - Very familiar,yes,60,25 - 34,Biology,,North America
4074,5 - Very familiar,yes,30,55 - 64,Medicine,,North America
4076,5 - Very familiar,yes,80,25 - 34,Medicine,,North America
4078,5 - Very familiar,yes,50,55 - 64,Medicine,,North America
4079,4 - Fairly familiar,yes,70,25 - 34,Physics,,North America
4083,5 - Very familiar,yes,70,25 - 34,Astonomy,,South America
4085,3 - Somewhat familiar,yes,70,45 - 54,Physics,,Europe
4092,5 - Very familiar,yes,70,25 - 34,Biology,,North America
4096,5 - Very familiar,no,70,35 - 44,Biology,,South America
4097,4 - Fairly familiar,yes,80,45 - 54,Biology,,South America
4103,4 - Fairly familiar,yes,60,25 - 34,Biology,,North America
4112,5 - Very familiar,yes,40,25 - 34,Medicine,,Africa
4115,5 - Very familiar,yes,70,18 - 24,Biology,,North America
4121,5 - Very familiar,no,90,35 - 44,Engineering,,Europe
4130,4 - Fairly familiar,yes,30,25 - 34,Medicine,,Europe
4131,5 - Very familiar,yes,80,18 - 24,Materials Science,,North America
4132,2 - Not very familiar,no,30,25 - 34,Other,Clinical Biochemistry,Asia
4134,4 - Fairly familiar,yes,90,45 - 54,Medicine,,Europe
4136,5 - Very familiar,yes,90,35 - 44,Earth Science,,North America
4139,2 - Not very familiar,no,80,65 or over,Physics,,Europe
4144,5 - Very familiar,yes,50,35 - 44,Biology,,North America
4150,5 - Very familiar,yes,40,25 - 34,Other,Communication,North America
4156,5 - Very familiar,yes,20,25 - 34,Biology,,Europe
4187,5 - Very familiar,yes,50,45 - 54,Medicine,,North America
4196,3 - Somewhat familiar,yes,60,25 - 34,Biology,,North America
4199,4 - Fairly familiar,yes,10,25 - 34,Biology,,North America
4201,5 - Very familiar,yes,80,35 - 44,Chemistry,,North America
4203,1 -Not at all familiar,yes,50,18 - 24,Earth Science,,Europe
4208,1 -Not at all familiar,yes,50,25 - 34,Physics,,North America
4214,5 - Very familiar,yes,50,45 - 54,Biology,,North America
4219,4 - Fairly familiar,yes,0,25 - 34,Other,Anthropology,North America
4225,4 - Fairly familiar,yes,60,25 - 34,Materials Science,,Asia
4228,5 - Very familiar,yes,50,45 - 54,Biology,,North America
4229,5 - Very familiar,yes,80,25 - 34,Biology,,North America
4230,5 - Very familiar,yes,50,35 - 44,Biology,,Asia
4231,4 - Fairly familiar,yes,30,25 - 34,Materials Science,,Asia
4232,4 - Fairly familiar,yes,10,18 - 24,Earth Science,,North America
4234,5 - Very familiar,yes,90,45 - 54,Biology,,North America
4242,4 - Fairly familiar,yes,60,35 - 44,Other,cognitive neuro education,Asia
4245,5 - Very familiar,yes,70,25 - 34,Biology,,Asia
4286,5 - Very familiar,yes,80,25 - 34,Biology,,Asia
4289,4 - Fairly familiar,yes,70,45 - 54,Biology,,Europe
4290,5 - Very familiar,yes,60,45 - 54,Engineering,,Asia
4292,4 - Fairly familiar,yes,40,35 - 44,Medicine,,Asia
4305,3 - Somewhat familiar,yes,80,25 - 34,Materials Science,,Asia
4311,5 - Very familiar,no,90,25 - 34,Medicine,,Europe
4320,5 - Very familiar,yes,70,25 - 34,Biology,,Africa
4321,5 - Very familiar,no,70,35 - 44,Medicine,,Europe
4326,4 - Fairly familiar,yes,50,35 - 44,Biology,,Europe
4332,5 - Very familiar,yes,90,25 - 34,Other,Cognitive Psychology,Europe
4335,4 - Fairly familiar,yes,60,25 - 34,Chemistry,,Europe
4338,5 - Very familiar,yes,70,25 - 34,Biology,,Europe
4345,4 - Fairly familiar,yes,60,65 or over,Biology,,Europe
4349,4 - Fairly familiar,yes,70,45 - 54,Medicine,,Europe
4353,3 - Somewhat familiar,yes,40,18 - 24,Biology,,Asia
4360,4 - Fairly familiar,yes,90,25 - 34,Biology,,Europe
4363,2 - Not very familiar,yes,80,25 - 34,Chemistry,,Asia
4365,5 - Very familiar,yes,80,45 - 54,Physics,,Europe
4368,4 - Fairly familiar,no,10,25 - 34,Earth Science,,Asia
4370,4 - Fairly familiar,yes,60,65 or over,Physics,,Europe
4373,4 - Fairly familiar,yes,60,25 - 34,Biology,,North America
4380,5 - Very familiar,yes,90,25 - 34,Biology,,North America
4401,5 - Very familiar,yes,30,25 - 34,Other,Molecular Epidemiology,North America
4413,4 - Fairly familiar,yes,70,65 or over,Chemistry,,Europe
4437,5 - Very familiar,yes,50,25 - 34,Other,molecular biology ,Europe
4454,3 - Somewhat familiar,yes,70,18 - 24,Medicine,,North America
4464,5 - Very familiar,yes,90,55 - 64,Biology,,North America
4469,5 - Very familiar,yes,90,45 - 54,Biology,,Europe
4478,4 - Fairly familiar,yes,50,25 - 34,Other,Neuroscience,South America
4497,5 - Very familiar,yes,30,25 - 34,Biology,,Europe
4507,5 - Very familiar,yes,90,65 or over,Other,Biophysics and statistics,Europe
4515,5 - Very familiar,yes,20,35 - 44,Medicine,,North America
4516,5 - Very familiar,yes,100,25 - 34,Physics,,Australasia
4518,5 - Very familiar,yes,10,45 - 54,Other,decision science,North America
4531,5 - Very familiar,yes,70,25 - 34,Biology,,North America
4532,4 - Fairly familiar,yes,50,25 - 34,Biology,,Asia
4554,5 - Very familiar,yes,80,65 or over,Chemistry,,North America
4583,5 - Very familiar,yes,80,35 - 44,Other,tissue engineering and regenerative medicine,Europe
4588,4 - Fairly familiar,no,50,65 or over,Engineering,,Europe
4591,4 - Fairly familiar,yes,60,45 - 54,Biology,,Africa
4596,3 - Somewhat familiar,yes,70,35 - 44,Engineering,,Europe
4602,5 - Very familiar,yes,30,35 - 44,Physics,,Europe
4608,4 - Fairly familiar,yes,60,25 - 34,Medicine,,Europe
4609,2 - Not very familiar,no,40,Under 18,Physics,,Europe
4612,3 - Somewhat familiar,no,50,35 - 44,Earth Science,,Europe
4617,4 - Fairly familiar,yes,70,25 - 34,Materials Science,,South America
4622,5 - Very familiar,yes,20,35 - 44,Biology,,North America
4650,4 - Fairly familiar,yes,30,55 - 64,Other,"Computer science, AI.",Europe
4652,4 - Fairly familiar,yes,20,25 - 34,Other,Psychology,North America
4655,4 - Fairly familiar,yes,50,25 - 34,Medicine,,North America
4663,4 - Fairly familiar,yes,80,45 - 54,Biology,,Europe
4666,5 - Very familiar,yes,70,35 - 44,Biology,,North America
4669,4 - Fairly familiar,yes,30,35 - 44,Biology,,Europe
4675,5 - Very familiar,no,80,25 - 34,Other,Psycholinguistics,Europe
4690,5 - Very familiar,yes,90,25 - 34,Chemistry,,Asia
4691,5 - Very familiar,yes,80,25 - 34,Other,Computer Science,North America
4698,5 - Very familiar,yes,40,55 - 64,Other,Psychology,North America
4700,4 - Fairly familiar,yes,90,35 - 44,Physics,,Asia
4718,5 - Very familiar,yes,20,55 - 64,Physics,,Europe
4719,5 - Very familiar,yes,40,25 - 34,Biology,,Asia
4723,5 - Very familiar,yes,60,35 - 44,Biology,,Europe
4737,5 - Very familiar,yes,60,25 - 34,Chemistry,,Asia
4738,5 - Very familiar,yes,10,35 - 44,Biology,,Asia
4743,5 - Very familiar,yes,80,25 - 34,Physics,,North America
4745,5 - Very familiar,yes,90,65 or over,Biology,,North America
4746,5 - Very familiar,yes,20,35 - 44,Biology,,Europe
4748,5 - Very familiar,yes,70,25 - 34,Biology,,Europe
4750,4 - Fairly familiar,yes,40,45 - 54,Biology,,Europe
4756,4 - Fairly familiar,yes,100,45 - 54,Engineering,,North America
4768,4 - Fairly familiar,yes,40,45 - 54,Other,Human-computer interaction,Asia
4788,4 - Fairly familiar,yes,80,25 - 34,Biology,,Asia
4798,4 - Fairly familiar,yes,40,25 - 34,Medicine,,Europe
4832,5 - Very familiar,yes,20,25 - 34,Medicine,,Asia
4851,4 - Fairly familiar,yes,10,25 - 34,Biology,,South America
4852,5 - Very familiar,yes,30,55 - 64,Biology,,North America
4858,3 - Somewhat familiar,yes,70,25 - 34,Biology,,Europe
4879,3 - Somewhat familiar,yes,40,25 - 34,Engineering,,South America
4880,2 - Not very familiar,yes,80,25 - 34,Engineering,,Asia
4881,2 - Not very familiar,no,70,35 - 44,Other,Architecture,Asia
4887,5 - Very familiar,no,80,18 - 24,Medicine,,North America
4892,5 - Very familiar,yes,30,35 - 44,Engineering,,Europe
4899,5 - Very familiar,yes,70,55 - 64,Engineering,,Australasia
4902,3 - Somewhat familiar,yes,70,25 - 34,Biology,,Asia
4906,5 - Very familiar,yes,50,25 - 34,Biology,,Europe
4908,5 - Very familiar,yes,30,35 - 44,Other,bioinformatics,Europe
4937,4 - Fairly familiar,yes,80,25 - 34,Biology,,North America
4938,5 - Very familiar,yes,60,25 - 34,Biology,,North America
4950,5 - Very familiar,yes,60,25 - 34,Biology,,North America
4964,5 - Very familiar,yes,70,25 - 34,Biology,,Europe
4966,4 - Fairly familiar,yes,90,55 - 64,Physics,,North America
4967,5 - Very familiar,yes,10,25 - 34,Earth Science,,Asia
4974,5 - Very familiar,yes,30,45 - 54,Other,social science,North America
4975,3 - Somewhat familiar,yes,30,25 - 34,Earth Science,,Europe
4979,5 - Very familiar,no,60,25 - 34,Biology,,South America
4984,5 - Very familiar,yes,90,65 or over,Physics,,Asia
4986,5 - Very familiar,yes,70,25 - 34,Biology,,North America
4987,3 - Somewhat familiar,no,30,25 - 34,Materials Science,,Europe
4990,5 - Very familiar,yes,40,35 - 44,Other,Nanotechnology,Europe
4993,5 - Very familiar,yes,30,35 - 44,Other,Energy,North America
4994,5 - Very familiar,yes,70,45 - 54,Other,Psychology,Europe
4995,4 - Fairly familiar,yes,60,25 - 34,Biology,,North America
5003,5 - Very familiar,yes,20,55 - 64,Medicine,,Europe
5007,5 - Very familiar,yes,20,45 - 54,Other,Computer Science,Australasia
5019,5 - Very familiar,yes,90,25 - 34,Other,statistics,North America
5052,5 - Very familiar,yes,90,25 - 34,Physics,,Europe
5057,5 - Very familiar,no,40,25 - 34,Biology,,Europe
5058,5 - Very familiar,yes,10,35 - 44,Biology,,Europe
5071,2 - Not very familiar,yes,50,25 - 34,Medicine,,Asia
5111,5 - Very familiar,yes,30,35 - 44,Medicine,,Europe
5172,5 - Very familiar,yes,50,25 - 34,Medicine,,North America
5178,5 - Very familiar,yes,30,25 - 34,Earth Science,,North America
5180,5 - Very familiar,yes,20,25 - 34,Other,Psychology,Europe
5201,5 - Very familiar,yes,70,25 - 34,Other,Nanotechnology ,Europe
5222,5 - Very familiar,yes,80,35 - 44,Physics,,Europe
5223,4 - Fairly familiar,no,40,18 - 24,Chemistry,,North America
5259,5 - Very familiar,yes,70,25 - 34,Biology,,Europe
5284,5 - Very familiar,yes,40,25 - 34,Medicine,,Europe
5289,5 - Very familiar,yes,70,25 - 34,Biology,,North America
5301,5 - Very familiar,yes,70,45 - 54,Biology,,Europe
5308,4 - Fairly familiar,yes,70,18 - 24,Biology,,Europe
5309,4 - Fairly familiar,yes,80,35 - 44,Biology,,North America
5315,5 - Very familiar,yes,60,35 - 44,Biology,,Europe
5316,5 - Very familiar,yes,30,25 - 34,Biology,,Europe
5317,5 - Very familiar,yes,80,25 - 34,Biology,,Europe
5323,5 - Very familiar,yes,50,25 - 34,Earth Science,,North America
5333,3 - Somewhat familiar,yes,80,35 - 44,Materials Science,,Europe
5334,5 - Very familiar,yes,50,25 - 34,Medicine,,North America
5335,5 - Very familiar,yes,60,18 - 24,Other,Neuroscience,North America
5338,4 - Fairly familiar,yes,20,25 - 34,Biology,,Europe
5345,4 - Fairly familiar,yes,60,25 - 34,Other,Computational social science,Europe
5355,4 - Fairly familiar,yes,70,18 - 24,Biology,,North America
5366,5 - Very familiar,yes,40,25 - 34,Other,Biochemistry,North America
5383,5 - Very familiar,yes,70,45 - 54,Biology,,North America
5384,4 - Fairly familiar,no,70,25 - 34,Chemistry,,North America
5385,5 - Very familiar,yes,60,25 - 34,Biology,,Europe
5390,5 - Very familiar,yes,50,45 - 54,Biology,,North America
5410,4 - Fairly familiar,yes,80,25 - 34,Physics,,Europe
5423,5 - Very familiar,yes,60,25 - 34,Biology,,Europe
5436,5 - Very familiar,yes,70,25 - 34,Biology,,Australasia
5437,5 - Very familiar,yes,20,25 - 34,Biology,,North America
5444,5 - Very familiar,yes,50,35 - 44,Biology,,Europe
5448,5 - Very familiar,yes,60,45 - 54,Earth Science,,Europe
5449,5 - Very familiar,yes,80,25 - 34,Earth Science,,North America
5450,4 - Fairly familiar,yes,80,25 - 34,Biology,,North America
5473,5 - Very familiar,yes,40,65 or over,Biology,,North America
5482,4 - Fairly familiar,yes,60,55 - 64,Engineering,,Europe
5490,5 - Very familiar,yes,70,25 - 34,Medicine,,Europe
5500,5 - Very familiar,yes,50,25 - 34,Biology,,North America
5505,5 - Very familiar,yes,20,25 - 34,Medicine,,Europe
5514,5 - Very familiar,yes,20,25 - 34,Biology,,North America
5515,4 - Fairly familiar,yes,60,25 - 34,Chemistry,,Europe
5519,4 - Fairly familiar,yes,30,25 - 34,Other,Public health,North America
5520,5 - Very familiar,yes,50,55 - 64,Biology,,North America
5527,5 - Very familiar,yes,50,18 - 24,Biology,,Europe
5529,5 - Very familiar,yes,20,25 - 34,Biology,,North America
5533,5 - Very familiar,yes,50,25 - 34,Engineering,,North America
5534,4 - Fairly familiar,yes,70,25 - 34,Biology,,North America
5535,5 - Very familiar,yes,80,35 - 44,Biology,,North America
5553,5 - Very familiar,no,50,25 - 34,Biology,,Europe
5554,5 - Very familiar,yes,70,25 - 34,Biology,,North America
5557,5 - Very familiar,no,30,35 - 44,Other,statistical genetics,North America
5561,5 - Very familiar,yes,60,55 - 64,Other,Social Science,North America
5583,5 - Very familiar,yes,80,18 - 24,Chemistry,,North America
5589,5 - Very familiar,yes,80,35 - 44,Medicine,,North America
5598,4 - Fairly familiar,yes,70,25 - 34,Medicine,,North America
5600,4 - Fairly familiar,yes,60,25 - 34,Engineering,,North America
5604,5 - Very familiar,no,70,25 - 34,Other,Anthropology (Cultural),North America
5619,4 - Fairly familiar,yes,80,18 - 24,Biology,,Europe
5630,4 - Fairly familiar,yes,50,25 - 34,Medicine,,Asia
5638,5 - Very familiar,yes,70,45 - 54,Earth Science,,North America
5763,3 - Somewhat familiar,no,50,45 - 54,Other,Immunology,North America
5766,5 - Very familiar,yes,80,25 - 34,Earth Science,,North America
5773,5 - Very familiar,yes,20,25 - 34,Biology,,Asia
5776,5 - Very familiar,yes,30,25 - 34,Biology,,North America
5777,5 - Very familiar,yes,30,35 - 44,Biology,,North America
5798,3 - Somewhat familiar,no,90,35 - 44,Engineering,,Europe
5853,5 - Very familiar,yes,60,45 - 54,Biology,,North America
5855,5 - Very familiar,yes,100,25 - 34,Biology,,North America
5857,5 - Very familiar,yes,20,35 - 44,Biology,,Europe
5858,4 - Fairly familiar,yes,40,18 - 24,Biology,,North America
5870,5 - Very familiar,yes,20,45 - 54,Medicine,,Europe
5880,5 - Very familiar,yes,30,25 - 34,Earth Science,,North America
5893,4 - Fairly familiar,no,20,45 - 54,Earth Science,,Europe
5894,5 - Very familiar,yes,70,25 - 34,Biology,,North America
5895,5 - Very familiar,yes,40,25 - 34,Biology,,Australasia
5898,5 - Very familiar,yes,30,25 - 34,Biology,,Europe
5923,5 - Very familiar,yes,60,25 - 34,Biology,,North America
5927,5 - Very familiar,yes,30,18 - 24,Other,Psychology,Australasia
5930,5 - Very familiar,yes,60,25 - 34,Biology,,North America
5932,5 - Very familiar,yes,70,25 - 34,Biology,,North America
5933,4 - Fairly familiar,yes,60,35 - 44,Other,Biological psychology ,North America
5943,5 - Very familiar,yes,60,25 - 34,Biology,,North America
5948,5 - Very familiar,yes,30,35 - 44,Biology,,North America
5950,5 - Very familiar,yes,60,25 - 34,Biology,,South America
5954,5 - Very familiar,yes,30,25 - 34,Other,Biomedical sciences,Europe
5958,5 - Very familiar,yes,60,25 - 34,Biology,,Australasia
5959,4 - Fairly familiar,yes,70,35 - 44,Biology,,Europe
5961,5 - Very familiar,yes,30,45 - 54,Other,Social science,Europe
5966,5 - Very familiar,yes,80,35 - 44,Engineering,,North America
5971,5 - Very familiar,no,60,25 - 34,Earth Science,,Asia
5972,4 - Fairly familiar,yes,60,18 - 24,Biology,,Africa
5983,5 - Very familiar,yes,20,25 - 34,Materials Science,,Asia
5985,5 - Very familiar,yes,70,25 - 34,Biology,,Europe
5992,4 - Fairly familiar,yes,70,45 - 54,Medicine,,Asia
5998,5 - Very familiar,yes,20,25 - 34,Biology,,Europe
6000,4 - Fairly familiar,yes,80,25 - 34,Biology,,Europe
6013,5 - Very familiar,yes,20,18 - 24,Engineering,,Asia
6023,4 - Fairly familiar,yes,30,25 - 34,Medicine,,Europe
6024,5 - Very familiar,yes,10,25 - 34,Medicine,,Australasia
6029,5 - Very familiar,yes,30,25 - 34,Biology,,North America
6033,5 - Very familiar,yes,90,35 - 44,Physics,,Europe
6036,5 - Very familiar,yes,60,25 - 34,Biology,,Europe
6047,5 - Very familiar,yes,60,45 - 54,Medicine,,Europe
6048,5 - Very familiar,yes,80,45 - 54,Other,Environmental Health,Australasia
6049,4 - Fairly familiar,yes,30,18 - 24,Medicine,,North America
6052,5 - Very familiar,no,10,35 - 44,Engineering,,Asia
6054,5 - Very familiar,yes,60,18 - 24,Biology,,Australasia
6072,5 - Very familiar,yes,60,25 - 34,Biology,,Europe
6090,5 - Very familiar,yes,40,25 - 34,Other,nanoimmunotechnology,Europe
6099,5 - Very familiar,yes,70,45 - 54,Other,social science,North America
6102,5 - Very familiar,yes,80,45 - 54,Biology,,North America
6107,5 - Very familiar,yes,60,35 - 44,Chemistry,,Europe
6120,5 - Very familiar,yes,70,45 - 54,Other,Soil microbiology,Asia
6121,4 - Fairly familiar,yes,70,25 - 34,Chemistry,,Australasia
6124,5 - Very familiar,yes,60,45 - 54,Biology,,Australasia
6130,5 - Very familiar,yes,30,35 - 44,Other,Psychology,South America
6133,5 - Very familiar,yes,50,25 - 34,Materials Science,,North America
6136,5 - Very familiar,yes,50,35 - 44,Medicine,,Europe
6144,4 - Fairly familiar,yes,80,25 - 34,Medicine,,North America
6145,5 - Very familiar,yes,80,35 - 44,Earth Science,,North America
6150,4 - Fairly familiar,yes,20,45 - 54,Other,organization science,Europe
6153,5 - Very familiar,yes,70,35 - 44,Biology,,North America
6154,5 - Very familiar,yes,70,25 - 34,Biology,,Asia
6156,5 - Very familiar,yes,20,25 - 34,Biology,,Europe
6159,5 - Very familiar,yes,30,25 - 34,Other,Nanomedicine,Europe
6160,5 - Very familiar,yes,60,25 - 34,Biology,,Europe
6164,5 - Very familiar,yes,70,18 - 24,Chemistry,,North America
6166,5 - Very familiar,yes,90,55 - 64,Physics,,Europe
6167,5 - Very familiar,yes,40,25 - 34,Biology,,Europe
6169,5 - Very familiar,yes,100,25 - 34,Physics,,Europe
6170,4 - Fairly familiar,yes,60,25 - 34,Biology,,Europe
6171,5 - Very familiar,yes,70,25 - 34,Engineering,,North America
6172,5 - Very familiar,yes,80,35 - 44,Physics,,Europe
6173,5 - Very familiar,yes,90,45 - 54,Medicine,,North America
6175,5 - Very familiar,yes,90,45 - 54,Other,Biophysics,Europe
6177,4 - Fairly familiar,yes,80,25 - 34,Biology,,Europe
6180,5 - Very familiar,yes,100,65 or over,Chemistry,,North America
6181,4 - Fairly familiar,yes,100,65 or over,Physics,,Europe
6182,5 - Very familiar,yes,40,35 - 44,Other,Chemistry/Material Science,Europe
6183,5 - Very familiar,yes,30,35 - 44,Earth Science,,Europe
6184,5 - Very familiar,yes,90,65 or over,Physics,,North America
6185,5 - Very familiar,yes,80,35 - 44,Biology,,North America
6186,4 - Fairly familiar,yes,70,25 - 34,Biology,,Europe
6188,4 - Fairly familiar,yes,30,25 - 34,Biology,,Europe
6190,5 - Very familiar,yes,80,35 - 44,Physics,,North America
6193,4 - Fairly familiar,yes,40,25 - 34,Medicine,,Asia
6194,5 - Very familiar,no,40,45 - 54,Earth Science,,Europe
6196,5 - Very familiar,yes,70,65 or over,Earth Science,,North America
6198,5 - Very familiar,yes,70,25 - 34,Biology,,Europe
6199,5 - Very familiar,yes,80,45 - 54,Physics,,South America
6202,5 - Very familiar,yes,80,25 - 34,Chemistry,,Asia
6203,5 - Very familiar,yes,70,25 - 34,Biology,,North America
6205,5 - Very familiar,yes,70,45 - 54,Biology,,Europe
6207,5 - Very familiar,yes,70,25 - 34,Chemistry,,North America
6208,4 - Fairly familiar,yes,40,25 - 34,Biology,,Europe
6210,5 - Very familiar,yes,80,25 - 34,Biology,,Asia
6214,4 - Fairly familiar,yes,100,65 or over,Physics,,North America
6215,5 - Very familiar,yes,50,45 - 54,Biology,,North America
6216,4 - Fairly familiar,yes,10,25 - 34,Biology,,Europe
6217,5 - Very familiar,yes,90,35 - 44,Earth Science,,Europe
6218,4 - Fairly familiar,yes,30,18 - 24,Biology,,Europe
6221,5 - Very familiar,yes,70,25 - 34,Biology,,South America
6223,5 - Very familiar,yes,90,45 - 54,Other,Diagnostics,North America
6224,4 - Fairly familiar,yes,50,25 - 34,Other,Social & Administrative Pharmaceutical Sciences,North America
6225,5 - Very familiar,yes,40,45 - 54,Medicine,,Europe
6229,5 - Very familiar,yes,60,35 - 44,Other,Nanomedicine,Europe
6232,4 - Fairly familiar,yes,80,25 - 34,Chemistry,,Europe
6234,5 - Very familiar,yes,80,45 - 54,Physics,,North America
6235,5 - Very familiar,yes,90,25 - 34,Biology,,North America
6237,5 - Very familiar,yes,30,25 - 34,Medicine,,Asia
6238,3 - Somewhat familiar,yes,50,25 - 34,Engineering,,Europe
6239,3 - Somewhat familiar,yes,10,25 - 34,Physics,,Asia
6240,5 - Very familiar,yes,90,55 - 64,Biology,,Asia
6241,5 - Very familiar,yes,60,55 - 64,Biology,,North America
6242,3 - Somewhat familiar,yes,50,65 or over,Physics,,Europe
6243,5 - Very familiar,yes,80,18 - 24,Materials Science,,Asia
6245,3 - Somewhat familiar,yes,30,25 - 34,Medicine,,Asia
6248,5 - Very familiar,yes,30,25 - 34,Chemistry,,Europe
6252,4 - Fairly familiar,yes,80,18 - 24,Biology,,Africa
6256,5 - Very familiar,yes,20,25 - 34,Other,paleontology,Europe
6261,4 - Fairly familiar,yes,30,35 - 44,Biology,,South America
6262,5 - Very familiar,yes,50,25 - 34,Materials Science,,Asia
6266,5 - Very familiar,yes,70,35 - 44,Biology,,Europe
6272,4 - Fairly familiar,yes,40,35 - 44,Physics,,Europe
6273,5 - Very familiar,yes,80,25 - 34,Chemistry,,North America
6276,5 - Very familiar,yes,20,45 - 54,Biology,,Europe
6278,5 - Very familiar,yes,50,35 - 44,Biology,,North America
6281,5 - Very familiar,yes,40,65 or over,Chemistry,,Europe
6283,5 - Very familiar,yes,40,65 or over,Earth Science,,North America
6285,5 - Very familiar,yes,70,55 - 64,Physics,,South America
6287,4 - Fairly familiar,yes,50,35 - 44,Medicine,,North America
6288,5 - Very familiar,yes,80,35 - 44,Medicine,,North America
6291,5 - Very familiar,yes,80,25 - 34,Chemistry,,Europe
6294,5 - Very familiar,yes,70,18 - 24,Other,Social Psychology,North America
6300,2 - Not very familiar,yes,30,35 - 44,Medicine,,Europe
6301,5 - Very familiar,yes,20,35 - 44,Other,Computing,Europe
6303,5 - Very familiar,yes,80,25 - 34,Materials Science,,North America
6306,5 - Very familiar,yes,50,45 - 54,Biology,,Asia
6312,3 - Somewhat familiar,no,70,25 - 34,Biology,,Europe
6316,5 - Very familiar,yes,70,55 - 64,Biology,,North America
6317,5 - Very familiar,yes,50,35 - 44,Biology,,North America
6318,5 - Very familiar,no,80,45 - 54,Biology,,North America
6320,5 - Very familiar,yes,40,45 - 54,Biology,,Europe
6326,4 - Fairly familiar,no,70,55 - 64,Biology,,South America
6337,5 - Very familiar,yes,60,45 - 54,Medicine,,Europe
6339,5 - Very familiar,yes,60,35 - 44,Biology,,Europe
6341,5 - Very familiar,yes,30,25 - 34,Earth Science,,North America
6344,4 - Fairly familiar,yes,80,55 - 64,Medicine,,South America
6345,4 - Fairly familiar,yes,80,25 - 34,Biology,,Europe
6346,5 - Very familiar,yes,50,35 - 44,Biology,,North America
6348,5 - Very familiar,no,80,45 - 54,Biology,,South America
6352,4 - Fairly familiar,yes,50,18 - 24,Other,Nutrition,North America
6353,5 - Very familiar,yes,0,35 - 44,Medicine,,North America
6354,5 - Very familiar,yes,70,35 - 44,Materials Science,,Europe
6356,3 - Somewhat familiar,yes,60,55 - 64,Biology,,North America
6362,5 - Very familiar,yes,100,65 or over,Physics,,Europe
6368,5 - Very familiar,yes,30,25 - 34,Biology,,Asia
6370,5 - Very familiar,yes,80,25 - 34,Biology,,North America
6377,5 - Very familiar,yes,60,25 - 34,Biology,,South America
6382,4 - Fairly familiar,yes,40,65 or over,Medicine,,South America
6385,4 - Fairly familiar,yes,80,18 - 24,Biology,,Asia
6386,5 - Very familiar,yes,40,25 - 34,Biology,,North America
6391,5 - Very familiar,yes,30,25 - 34,Biology,,Europe
6402,5 - Very familiar,yes,30,25 - 34,Biology,,North America
6405,5 - Very familiar,yes,70,45 - 54,Biology,,South America
6406,5 - Very familiar,yes,100,55 - 64,Materials Science,,North America
6407,2 - Not very familiar,yes,60,25 - 34,Medicine,,Asia
6409,4 - Fairly familiar,no,70,25 - 34,Materials Science,,Asia
6420,5 - Very familiar,yes,30,55 - 64,Biology,,North America
6428,2 - Not very familiar,yes,40,65 or over,Other,la vie  ...l'amour..la mort,Africa
6429,4 - Fairly familiar,yes,90,25 - 34,Physics,,Asia
6435,4 - Fairly familiar,yes,70,55 - 64,Chemistry,,Europe
6437,5 - Very familiar,yes,30,25 - 34,Biology,,Asia
6438,3 - Somewhat familiar,no,60,55 - 64,Other,yes,Africa
6442,4 - Fairly familiar,yes,70,25 - 34,Materials Science,,North America
6444,3 - Somewhat familiar,no,80,25 - 34,Biology,,Europe
6446,5 - Very familiar,yes,70,45 - 54,Medicine,,South America
6448,5 - Very familiar,yes,50,45 - 54,Medicine,,North America
6450,5 - Very familiar,yes,70,25 - 34,Biology,,North America
6453,5 - Very familiar,yes,90,45 - 54,Biology,,North America
6456,3 - Somewhat familiar,yes,30,35 - 44,Medicine,,Europe
6458,4 - Fairly familiar,yes,60,25 - 34,Biology,,North America
6459,5 - Very familiar,yes,70,25 - 34,Medicine,,South America
6463,5 - Very familiar,yes,40,25 - 34,Other,Psychology,North America
6466,5 - Very familiar,yes,70,45 - 54,Biology,,Europe
6470,5 - Very familiar,yes,90,35 - 44,Chemistry,,Europe
6473,5 - Very familiar,yes,60,55 - 64,Medicine,,Europe
6476,5 - Very familiar,yes,80,25 - 34,Other,nanotheranostics,Asia
6479,5 - Very familiar,yes,10,25 - 34,Earth Science,,North America
6481,2 - Not very familiar,yes,40,55 - 64,Medicine,,South America
6485,5 - Very familiar,yes,10,35 - 44,Earth Science,,North America
6486,4 - Fairly familiar,yes,80,55 - 64,Biology,,North America
6487,5 - Very familiar,yes,30,18 - 24,Biology,,Australasia
6490,5 - Very familiar,yes,90,25 - 34,Biology,,South America
6492,5 - Very familiar,yes,50,35 - 44,Biology,,North America
6494,5 - Very familiar,yes,60,25 - 34,Engineering,,North America
6497,5 - Very familiar,yes,80,25 - 34,Biology,,Africa
6498,3 - Somewhat familiar,yes,90,45 - 54,Biology,,North America
6502,4 - Fairly familiar,yes,80,55 - 64,Medicine,,Europe
6505,4 - Fairly familiar,yes,60,25 - 34,Biology,,Asia
6507,4 - Fairly familiar,yes,20,25 - 34,Materials Science,,Asia
6508,5 - Very familiar,yes,50,35 - 44,Biology,,Asia
6509,5 - Very familiar,yes,70,25 - 34,Materials Science,,Asia
6510,2 - Not very familiar,no,70,25 - 34,Biology,,Asia
6516,5 - Very familiar,yes,70,25 - 34,Other,Agriculture,North America
6517,5 - Very familiar,yes,60,35 - 44,Medicine,,Asia
6524,2 - Not very familiar,yes,80,25 - 34,Biology,,Asia
6531,5 - Very familiar,yes,60,25 - 34,Biology,,Australasia
6532,5 - Very familiar,yes,80,35 - 44,Physics,,Asia
6543,3 - Somewhat familiar,yes,80,25 - 34,Other,DNA nanotechnology,Asia
6544,3 - Somewhat familiar,yes,70,25 - 34,Biology,,Asia
6545,3 - Somewhat familiar,no,70,35 - 44,Earth Science,,Asia
6546,3 - Somewhat familiar,yes,70,25 - 34,Materials Science,,Asia
6548,3 - Somewhat familiar,yes,90,35 - 44,Chemistry,,Asia
6549,5 - Very familiar,yes,80,25 - 34,Biology,,South America
6555,5 - Very familiar,no,70,25 - 34,Biology,,Asia
6560,4 - Fairly familiar,yes,90,35 - 44,Biology,,Asia
6563,5 - Very familiar,yes,70,35 - 44,Biology,,South America
6577,5 - Very familiar,yes,90,25 - 34,Physics,,Asia
6578,4 - Fairly familiar,yes,30,25 - 34,Medicine,,Asia
6585,5 - Very familiar,yes,80,65 or over,Earth Science,,North America
6590,3 - Somewhat familiar,yes,20,18 - 24,Chemistry,,Asia
6592,4 - Fairly familiar,yes,70,35 - 44,Materials Science,,Asia
6594,4 - Fairly familiar,yes,70,45 - 54,Medicine,,Asia
6596,2 - Not very familiar,yes,20,55 - 64,Biology,,Australasia
6597,4 - Fairly familiar,yes,50,25 - 34,Biology,,Australasia
6598,4 - Fairly familiar,yes,90,35 - 44,Earth Science,,Europe
6605,2 - Not very familiar,no,40,35 - 44,Chemistry,,Europe
6607,3 - Somewhat familiar,yes,60,25 - 34,Earth Science,,Asia
6611,5 - Very familiar,no,70,25 - 34,Medicine,,North America
6612,3 - Somewhat familiar,yes,80,45 - 54,Engineering,,Europe
6613,5 - Very familiar,yes,70,35 - 44,Biology,,Asia
6615,5 - Very familiar,yes,80,45 - 54,Biology,,Europe
6619,4 - Fairly familiar,yes,50,55 - 64,Biology,,North America
6620,5 - Very familiar,yes,80,55 - 64,Earth Science,,Europe
6623,3 - Somewhat familiar,no,50,55 - 64,Earth Science,,Europe
6632,5 - Very familiar,yes,50,55 - 64,Biology,,Europe
6634,5 - Very familiar,yes,60,25 - 34,Other,biomedical science,Europe
6635,5 - Very familiar,yes,60,35 - 44,Biology,,Asia
6636,1 -Not at all familiar,yes,50,55 - 64,Medicine,,Europe
6637,5 - Very familiar,yes,70,65 or over,Biology,,North America
6639,5 - Very familiar,yes,80,25 - 34,Biology,,Asia
6641,3 - Somewhat familiar,yes,30,18 - 24,Engineering,,Europe
6642,5 - Very familiar,yes,80,45 - 54,Biology,,Europe
6643,5 - Very familiar,yes,90,35 - 44,Biology,,Europe
6646,5 - Very familiar,yes,80,25 - 34,Other,Computers,Asia
6650,3 - Somewhat familiar,yes,20,25 - 34,Medicine,,Europe
6651,4 - Fairly familiar,yes,70,25 - 34,Biology,,Asia
6656,4 - Fairly familiar,yes,90,25 - 34,Medicine,,Europe
6657,4 - Fairly familiar,yes,40,25 - 34,Biology,,Europe
6658,5 - Very familiar,no,30,25 - 34,Biology,,Europe
6661,5 - Very familiar,yes,80,25 - 34,Medicine,,Europe
6677,5 - Very familiar,yes,50,55 - 64,Materials Science,,North America
6678,5 - Very familiar,yes,10,45 - 54,Medicine,,Europe
6681,3 - Somewhat familiar,yes,70,35 - 44,Biology,,South America
6691,5 - Very familiar,yes,50,45 - 54,Biology,,Europe
6694,3 - Somewhat familiar,yes,90,25 - 34,Materials Science,,Asia
6698,5 - Very familiar,yes,10,25 - 34,Other,Computer science,Europe
6702,5 - Very familiar,yes,80,25 - 34,Other,Nanotechnology and biosensing,Europe
6703,5 - Very familiar,yes,70,25 - 34,Physics,,Europe
6706,4 - Fairly familiar,yes,90,25 - 34,Biology,,Asia
6708,5 - Very familiar,yes,70,45 - 54,Medicine,,South America
6709,5 - Very familiar,yes,90,25 - 34,Engineering,,North America
6711,3 - Somewhat familiar,yes,60,18 - 24,Other,Biotechnology,Europe
6713,5 - Very familiar,yes,90,35 - 44,Earth Science,,Europe
6723,5 - Very familiar,yes,20,25 - 34,Biology,,North America
6741,5 - Very familiar,yes,70,55 - 64,Biology,,Europe
6748,5 - Very familiar,yes,30,35 - 44,Biology,,North America
6752,5 - Very familiar,yes,80,45 - 54,Biology,,North America
6766,5 - Very familiar,yes,30,25 - 34,Materials Science,,Asia
6773,5 - Very familiar,yes,80,65 or over,Medicine,,South America
6776,4 - Fairly familiar,yes,80,25 - 34,Physics,,North America
6780,3 - Somewhat familiar,yes,80,25 - 34,Earth Science,,North America
6785,5 - Very familiar,yes,20,25 - 34,Biology,,Europe
6788,5 - Very familiar,yes,80,25 - 34,Biology,,North America
6796,5 - Very familiar,yes,80,25 - 34,Biology,,North America
6802,5 - Very familiar,yes,60,35 - 44,Other,Pharmaceutical Sciences,North America
6805,5 - Very familiar,yes,50,25 - 34,Biology,,North America
6807,5 - Very familiar,yes,50,45 - 54,Biology,,North America
6815,5 - Very familiar,yes,70,35 - 44,Other,Neuroscience,North America
6816,4 - Fairly familiar,yes,40,18 - 24,Biology,,North America
6817,5 - Very familiar,yes,60,45 - 54,Other,Social Sciences,North America
6819,5 - Very familiar,yes,70,45 - 54,Other,Neuro/Psych,North America
6822,5 - Very familiar,yes,40,35 - 44,Earth Science,,Europe
6823,5 - Very familiar,yes,80,35 - 44,Biology,,North America
6828,5 - Very familiar,yes,50,25 - 34,Biology,,North America
6829,5 - Very familiar,yes,30,18 - 24,Other,Psychology,Australasia
6832,5 - Very familiar,yes,60,25 - 34,Chemistry,,Europe
6836,5 - Very familiar,yes,50,45 - 54,Biology,,North America
6839,5 - Very familiar,yes,30,55 - 64,Chemistry,,North America
6849,4 - Fairly familiar,yes,80,55 - 64,Medicine,,Asia
6853,3 - Somewhat familiar,yes,40,25 - 34,Biology,,Asia
6854,5 - Very familiar,no,20,35 - 44,Earth Science,,North America
6865,4 - Fairly familiar,yes,70,18 - 24,Materials Science,,Asia
6869,5 - Very familiar,yes,60,45 - 54,Biology,,Europe
6874,5 - Very familiar,yes,70,55 - 64,Biology,,Europe
6878,4 - Fairly familiar,yes,70,45 - 54,Other,veterinary medicine,Africa
6881,4 - Fairly familiar,yes,50,25 - 34,Biology,,Asia
6884,3 - Somewhat familiar,yes,80,25 - 34,Other,psychology,Asia
6890,5 - Very familiar,yes,30,25 - 34,Other,Psychology,Europe
6894,5 - Very familiar,yes,40,25 - 34,Biology,,South America
6901,5 - Very familiar,yes,60,25 - 34,Materials Science,,Europe
6909,5 - Very familiar,yes,30,55 - 64,Biology,,Europe
6918,3 - Somewhat familiar,yes,40,25 - 34,Biology,,Asia
6922,5 - Very familiar,yes,40,25 - 34,Other,Psychology,Europe
6924,4 - Fairly familiar,yes,60,35 - 44,Biology,,Europe
6933,5 - Very familiar,yes,70,35 - 44,Biology,,Europe
6942,5 - Very familiar,yes,90,65 or over,Medicine,,South America
6943,5 - Very familiar,yes,50,25 - 34,Other,Social Sciences,North America
6945,5 - Very familiar,yes,70,45 - 54,Medicine,,North America
6948,4 - Fairly familiar,yes,80,45 - 54,Medicine,,Asia
6949,4 - Fairly familiar,yes,70,25 - 34,Earth Science,,North America
6952,5 - Very familiar,yes,60,45 - 54,Other,social and behavioural sciences; statistics and data science,North America
6956,4 - Fairly familiar,yes,80,65 or over,Biology,,North America
6959,5 - Very familiar,yes,90,18 - 24,Chemistry,,North America
6962,4 - Fairly familiar,no,90,55 - 64,Other,Linguistics,South America
6963,4 - Fairly familiar,yes,40,35 - 44,Other,MVMLabs / NASA,Europe
6965,4 - Fairly familiar,yes,50,45 - 54,Biology,,North America
6970,5 - Very familiar,yes,10,45 - 54,Other,Mathematics,Europe
6971,3 - Somewhat familiar,yes,20,25 - 34,Engineering,,North America
6973,5 - Very familiar,yes,30,35 - 44,Biology,,North America
6976,5 - Very familiar,yes,80,55 - 64,Earth Science,,North America
6978,5 - Very familiar,yes,30,25 - 34,Biology,,North America
6979,5 - Very familiar,yes,50,65 or over,Materials Science,,Australasia
6985,5 - Very familiar,yes,90,65 or over,Materials Science,,North America
6986,5 - Very familiar,yes,80,25 - 34,Engineering,,North America
6988,5 - Very familiar,yes,80,55 - 64,Earth Science,,Asia
6992,2 - Not very familiar,yes,20,45 - 54,Medicine,,Europe
7000,4 - Fairly familiar,yes,40,65 or over,Other,Biochemistry,Asia
7012,4 - Fairly familiar,yes,60,35 - 44,Medicine,,South America
7026,5 - Very familiar,yes,40,25 - 34,Other,Sociology,Europe
7028,4 - Fairly familiar,yes,70,18 - 24,Materials Science,,North America
7037,4 - Fairly familiar,no,80,55 - 64,Biology,,Europe
7040,5 - Very familiar,yes,70,65 or over,Materials Science,,North America
7069,5 - Very familiar,no,70,25 - 34,Chemistry,,Europe
7087,4 - Fairly familiar,yes,30,25 - 34,Earth Science,,Europe
7102,5 - Very familiar,yes,50,55 - 64,Biology,,North America
7103,5 - Very familiar,yes,20,18 - 24,Materials Science,,Asia
7107,4 - Fairly familiar,no,90,18 - 24,Biology,,North America
7109,4 - Fairly familiar,yes,60,25 - 34,Other,Psychology,Europe
7129,5 - Very familiar,yes,90,55 - 64,Other,Business and communications,North America
7132,5 - Very familiar,yes,30,18 - 24,Materials Science,,North America
7137,5 - Very familiar,yes,70,45 - 54,Biology,,North America
7164,5 - Very familiar,yes,70,35 - 44,Biology,,Europe
7169,5 - Very familiar,yes,80,25 - 34,Biology,,Europe
7177,4 - Fairly familiar,yes,80,45 - 54,Other,Artificial Intelligence,Africa
7179,5 - Very familiar,yes,70,35 - 44,Medicine,,Europe
7201,5 - Very familiar,yes,50,45 - 54,Biology,,Europe
7202,5 - Very familiar,yes,50,18 - 24,Biology,,North America
7203,5 - Very familiar,yes,40,35 - 44,Biology,,Europe
7210,5 - Very familiar,yes,90,35 - 44,Biology,,Asia
7216,5 - Very familiar,yes,50,35 - 44,Materials Science,,Europe
7217,5 - Very familiar,yes,80,25 - 34,Biology,,North America
7234,4 - Fairly familiar,yes,70,55 - 64,Other,psychology,Australasia
7248,4 - Fairly familiar,yes,60,25 - 34,Medicine,,Europe
7266,4 - Fairly familiar,yes,80,25 - 34,Earth Science,,North America
7271,4 - Fairly familiar,no,70,45 - 54,Chemistry,,Europe
7277,3 - Somewhat familiar,no,70,45 - 54,Biology,,Europe
7281,4 - Fairly familiar,yes,70,35 - 44,Chemistry,,Europe
7297,5 - Very familiar,yes,0,35 - 44,Biology,,Europe
7299,5 - Very familiar,yes,20,35 - 44,Chemistry,,Europe
7300,5 - Very familiar,yes,70,25 - 34,Medicine,,Europe
7301,5 - Very familiar,yes,90,25 - 34,Biology,,Europe
7303,4 - Fairly familiar,yes,70,18 - 24,Biology,,Europe
7305,5 - Very familiar,yes,60,35 - 44,Biology,,North America
7307,4 - Fairly familiar,yes,70,25 - 34,Earth Science,,Europe
7311,5 - Very familiar,yes,70,25 - 34,Earth Science,,Europe
7323,2 - Not very familiar,yes,40,25 - 34,Engineering,,Europe
7328,5 - Very familiar,yes,60,55 - 64,Chemistry,,Europe
7335,5 - Very familiar,yes,70,35 - 44,Other,Economics,North America
7336,5 - Very familiar,yes,70,25 - 34,Chemistry,,North America
7337,5 - Very familiar,yes,50,55 - 64,Other,Psychology,Europe
7340,5 - Very familiar,yes,70,25 - 34,Other,"Health sciences in general, physical rehabilitation",Europe
7341,5 - Very familiar,no,50,35 - 44,Chemistry,,North America
7346,5 - Very familiar,yes,80,25 - 34,Other,psychology/neuroscience,Europe
7353,4 - Fairly familiar,yes,60,25 - 34,Biology,,North America
7362,5 - Very familiar,yes,70,35 - 44,Biology,,Europe
7365,5 - Very familiar,yes,30,35 - 44,Chemistry,,North America
7367,4 - Fairly familiar,yes,60,45 - 54,Earth Science,,North America
7368,5 - Very familiar,yes,70,35 - 44,Biology,,South America
7370,5 - Very familiar,yes,80,25 - 34,Chemistry,,Australasia
7373,5 - Very familiar,yes,90,65 or over,Earth Science,,Australasia
7379,5 - Very familiar,yes,70,35 - 44,Biology,,North America
7387,3 - Somewhat familiar,no,40,35 - 44,Physics,,Asia
7392,5 - Very familiar,no,90,35 - 44,Engineering,,Asia
7398,5 - Very familiar,yes,60,45 - 54,Other,cognitive neuroscience,Asia
7400,5 - Very familiar,yes,80,25 - 34,Engineering,,Asia
7444,5 - Very familiar,yes,40,35 - 44,Biology,,Europe
7455,5 - Very familiar,yes,90,45 - 54,Earth Science,,North America
7464,5 - Very familiar,yes,20,35 - 44,Other,Bioinformatics,North America
7471,5 - Very familiar,yes,70,35 - 44,Biology,,North America
7472,5 - Very familiar,no,50,25 - 34,Medicine,,North America
7480,4 - Fairly familiar,yes,70,25 - 34,Biology,,South America
7492,5 - Very familiar,yes,30,25 - 34,Biology,,North America
7494,5 - Very familiar,yes,10,35 - 44,Earth Science,,South America
7495,5 - Very familiar,yes,20,45 - 54,Medicine,,North America
7496,5 - Very familiar,yes,50,35 - 44,Chemistry,,North America
7499,5 - Very familiar,yes,80,45 - 54,Biology,,Europe
7513,5 - Very familiar,yes,80,25 - 34,Biology,,Asia
7528,5 - Very familiar,yes,80,25 - 34,Engineering,,Asia
7531,4 - Fairly familiar,yes,70,55 - 64,Other,Social sciences,Asia
7535,5 - Very familiar,yes,80,35 - 44,Biology,,North America
7536,5 - Very familiar,yes,20,65 or over,Biology,,Europe
7539,1 -Not at all familiar,no,80,35 - 44,Chemistry,,Europe
7542,5 - Very familiar,yes,90,35 - 44,Biology,,Europe
7547,4 - Fairly familiar,yes,70,25 - 34,Biology,,Europe
7568,5 - Very familiar,no,20,18 - 24,Engineering,,North America
7579,5 - Very familiar,yes,70,35 - 44,Other,neuroscience,North America
7587,5 - Very familiar,yes,80,25 - 34,Other,Biochemistry,Asia
7591,4 - Fairly familiar,no,70,35 - 44,Engineering,,Europe
7608,5 - Very familiar,yes,50,35 - 44,Biology,,Europe
7609,5 - Very familiar,yes,90,35 - 44,Chemistry,,North America
7614,5 - Very familiar,yes,30,45 - 54,Biology,,North America
7617,4 - Fairly familiar,yes,80,35 - 44,Biology,,Europe
7618,5 - Very familiar,yes,70,45 - 54,Biology,,Australasia
7621,5 - Very familiar,yes,60,35 - 44,Biology,,North America
7622,5 - Very familiar,yes,70,55 - 64,Other,Healthcare,North America
7623,5 - Very familiar,no,50,25 - 34,Biology,,Australasia
7651,5 - Very familiar,no,100,35 - 44,Biology,,Europe
7654,5 - Very familiar,no,80,45 - 54,Physics,,Asia
7655,4 - Fairly familiar,yes,60,55 - 64,Medicine,,Europe
7658,5 - Very familiar,yes,70,35 - 44,Other,Social Science,Europe
7666,5 - Very familiar,yes,40,65 or over,Medicine,,Europe
7680,5 - Very familiar,yes,50,25 - 34,Biology,,Europe
7688,5 - Very familiar,yes,50,65 or over,Medicine,,North America
7690,5 - Very familiar,yes,50,25 - 34,Biology,,North America
7691,5 - Very familiar,yes,70,25 - 34,Other,Psychology,North America
7693,5 - Very familiar,yes,90,35 - 44,Other,Kinesiology,North America
7703,5 - Very familiar,yes,70,65 or over,Other,Physiology,Europe
7713,5 - Very familiar,yes,50,25 - 34,Biology,,North America
7721,5 - Very familiar,yes,90,25 - 34,Biology,,North America
7725,5 - Very familiar,yes,70,25 - 34,Other,Drug Delivery- Formulations,Asia
7737,4 - Fairly familiar,yes,0,25 - 34,Medicine,,Asia
7751,5 - Very familiar,yes,90,35 - 44,Physics,,North America
7754,4 - Fairly familiar,yes,20,45 - 54,Other,Statistics,North America
7758,5 - Very familiar,yes,20,55 - 64,Medicine,,Europe
7762,4 - Fairly familiar,yes,30,35 - 44,Other,Biostatistics; Aging Research; Medicine,North America
7766,5 - Very familiar,yes,50,25 - 34,Biology,,North America
7799,5 - Very familiar,yes,80,55 - 64,Medicine,,North America
7800,4 - Fairly familiar,no,50,25 - 34,Other,Computer Science,Europe
7820,4 - Fairly familiar,yes,60,35 - 44,Biology,,Europe
7835,5 - Very familiar,no,90,18 - 24,Other,Biopsychology,North America
7840,4 - Fairly familiar,yes,70,25 - 34,Other,Anthropology,North America
7846,5 - Very familiar,yes,70,35 - 44,Chemistry,,Africa
7859,5 - Very familiar,yes,10,18 - 24,Other,social sciences,Europe
7862,5 - Very familiar,no,50,35 - 44,Earth Science,,Europe
7865,5 - Very familiar,no,30,35 - 44,Biology,,Asia
7870,5 - Very familiar,yes,50,25 - 34,Biology,,Europe
7875,5 - Very familiar,yes,50,25 - 34,Biology,,Europe
7880,5 - Very familiar,yes,40,25 - 34,Biology,,Europe
7888,5 - Very familiar,yes,90,35 - 44,Medicine,,North America
7899,5 - Very familiar,yes,50,25 - 34,Biology,,Europe
7906,5 - Very familiar,yes,70,25 - 34,Chemistry,,North America
7908,3 - Somewhat familiar,yes,20,25 - 34,Biology,,North America
7920,3 - Somewhat familiar,yes,60,55 - 64,Medicine,,North America
7921,5 - Very familiar,yes,60,35 - 44,Other,Psychology,North America
7935,5 - Very familiar,no,40,35 - 44,Biology,,Australasia
7937,4 - Fairly familiar,yes,50,65 or over,Other,Psychology,North America
7942,5 - Very familiar,yes,20,25 - 34,Earth Science,,Australasia
7945,3 - Somewhat familiar,no,0,35 - 44,Other,management ?n educat?on,Europe
7962,5 - Very familiar,yes,90,35 - 44,Chemistry,,Europe
7967,4 - Fairly familiar,yes,70,25 - 34,Biology,,Asia
7970,4 - Fairly familiar,yes,80,18 - 24,Biology,,Europe
7983,5 - Very familiar,yes,50,45 - 54,Biology,,Europe
7987,5 - Very familiar,yes,30,25 - 34,Other,Botany,Asia
7995,5 - Very familiar,yes,80,65 or over,Physics,,North America
7997,5 - Very familiar,yes,50,18 - 24,Biology,,Europe
7998,5 - Very familiar,yes,70,35 - 44,Biology,,South America
8006,5 - Very familiar,yes,40,25 - 34,Physics,,North America
8007,5 - Very familiar,yes,70,25 - 34,Biology,,North America
8012,5 - Very familiar,yes,30,35 - 44,Medicine,,Europe
8021,5 - Very familiar,yes,40,18 - 24,Biology,,Asia
8025,3 - Somewhat familiar,yes,10,35 - 44,Other,Applied Mathematics,North America
8028,3 - Somewhat familiar,yes,90,65 or over,Materials Science,,North America
8040,5 - Very familiar,yes,70,35 - 44,Biology,,Europe
8049,4 - Fairly familiar,yes,80,25 - 34,Other,Biotechnology,South America
8051,5 - Very familiar,yes,60,25 - 34,Engineering,,Asia
8151,4 - Fairly familiar,yes,80,25 - 34,Earth Science,,North America
8168,5 - Very familiar,yes,90,25 - 34,Biology,,North America
8182,5 - Very familiar,yes,60,35 - 44,Biology,,Europe
8205,5 - Very familiar,yes,70,35 - 44,Biology,,Europe
8269,5 - Very familiar,yes,60,35 - 44,Biology,,North America
8275,5 - Very familiar,yes,50,35 - 44,Engineering,,North America
8315,4 - Fairly familiar,yes,10,25 - 34,Biology,,Europe
8337,4 - Fairly familiar,yes,40,25 - 34,Materials Science,,North America
8364,5 - Very familiar,yes,80,25 - 34,Biology,,North America
8365,4 - Fairly familiar,yes,30,25 - 34,Medicine,,Europe
8370,5 - Very familiar,yes,90,45 - 54,Biology,,North America
8380,4 - Fairly familiar,yes,70,25 - 34,Biology,,Europe
8381,3 - Somewhat familiar,yes,10,18 - 24,Biology,,Asia
8396,2 - Not very familiar,yes,80,25 - 34,Other,Computer Science,North America
8448,5 - Very familiar,yes,70,18 - 24,Biology,,North America
8465,5 - Very familiar,yes,70,25 - 34,Biology,,North America
8471,5 - Very familiar,yes,80,45 - 54,Medicine,,South America
8483,5 - Very familiar,yes,30,45 - 54,Other,Statistics,Europe
8486,5 - Very familiar,yes,70,35 - 44,Medicine,,Europe
8510,5 - Very familiar,yes,50,55 - 64,Medicine,,North America
8524,5 - Very familiar,yes,50,25 - 34,Other,Neuroscience,North America
8540,5 - Very familiar,yes,80,35 - 44,Medicine,,North America
8579,4 - Fairly familiar,yes,70,25 - 34,Earth Science,,North America
8622,5 - Very familiar,yes,60,35 - 44,Biology,,North America
8644,4 - Fairly familiar,yes,30,45 - 54,Earth Science,,Asia
8649,4 - Fairly familiar,yes,40,35 - 44,Biology,,Europe
8683,5 - Very familiar,yes,30,55 - 64,Biology,,Europe
8693,5 - Very familiar,yes,50,35 - 44,Biology,,Asia
8701,5 - Very familiar,no,10,45 - 54,Chemistry,,Europe
8703,5 - Very familiar,no,80,25 - 34,Biology,,North America
8709,5 - Very familiar,yes,70,25 - 34,Biology,,Europe
8744,4 - Fairly familiar,yes,40,25 - 34,Engineering,,North America
8760,5 - Very familiar,yes,50,25 - 34,Other,Neuroscience,Europe
8765,5 - Very familiar,yes,90,25 - 34,Chemistry,,North America
8769,5 - Very familiar,yes,80,25 - 34,Biology,,Europe
8782,5 - Very familiar,yes,60,25 - 34,Biology,,Europe
8784,5 - Very familiar,yes,30,25 - 34,Biology,,North America
8790,3 - Somewhat familiar,yes,70,25 - 34,Biology,,Asia
8795,5 - Very familiar,yes,80,55 - 64,Other,Statistics,North America
8797,5 - Very familiar,yes,50,25 - 34,Biology,,Europe
8809,5 - Very familiar,yes,70,35 - 44,Biology,,Europe
8811,5 - Very familiar,yes,50,45 - 54,Biology,,Europe
8819,5 - Very familiar,yes,100,25 - 34,Biology,,Asia
8822,5 - Very familiar,yes,90,45 - 54,Biology,,Europe
8824,5 - Very familiar,yes,10,35 - 44,Biology,,Europe
8837,5 - Very familiar,yes,70,45 - 54,Biology,,Europe
8838,5 - Very familiar,yes,80,25 - 34,Biology,,Europe
8849,5 - Very familiar,yes,20,18 - 24,Other,Biochemistry,South America
8851,4 - Fairly familiar,yes,20,35 - 44,Chemistry,,Europe
8858,4 - Fairly familiar,yes,80,65 or over,Chemistry,,Europe
8859,5 - Very familiar,yes,60,35 - 44,Biology,,Europe
8867,5 - Very familiar,yes,60,35 - 44,Other,neuroscience,North America
8873,4 - Fairly familiar,yes,50,35 - 44,Biology,,North America
8886,4 - Fairly familiar,no,70,18 - 24,Biology,,North America
8892,5 - Very familiar,yes,30,25 - 34,Biology,,North America
8913,5 - Very familiar,yes,80,25 - 34,Chemistry,,North America
8931,5 - Very familiar,yes,90,55 - 64,Chemistry,,Asia
8940,5 - Very familiar,yes,20,45 - 54,Biology,,North America
8973,5 - Very familiar,yes,70,35 - 44,Earth Science,,Australasia
8982,4 - Fairly familiar,yes,50,55 - 64,Biology,,Europe
8984,5 - Very familiar,yes,90,55 - 64,Earth Science,,Europe
8987,5 - Very familiar,yes,60,45 - 54,Biology,,Europe
8996,5 - Very familiar,yes,50,55 - 64,Biology,,North America
9007,5 - Very familiar,yes,70,25 - 34,Biology,,North America
9015,4 - Fairly familiar,yes,10,25 - 34,Engineering,,North America
9021,4 - Fairly familiar,yes,70,25 - 34,Biology,,Europe
9035,5 - Very familiar,yes,70,45 - 54,Other,Computer Science,South America
9039,5 - Very familiar,yes,20,35 - 44,Biology,,Europe
9055,5 - Very familiar,yes,80,45 - 54,Chemistry,,North America
9066,5 - Very familiar,yes,80,25 - 34,Chemistry,,Europe
9077,5 - Very familiar,yes,90,35 - 44,Medicine,,Europe
9081,5 - Very familiar,yes,50,25 - 34,Other,Psychology,Europe
9085,5 - Very familiar,yes,20,25 - 34,Engineering,,North America
9120,5 - Very familiar,no,70,45 - 54,Biology,,South America
9123,4 - Fairly familiar,no,70,25 - 34,Biology,,Europe
9130,5 - Very familiar,no,20,25 - 34,Chemistry,,North America
9133,5 - Very familiar,yes,60,25 - 34,Biology,,North America
9146,4 - Fairly familiar,yes,60,25 - 34,Biology,,Australasia
9150,5 - Very familiar,no,90,35 - 44,Biology,,South America
9157,5 - Very familiar,yes,70,45 - 54,Biology,,Asia
9159,5 - Very familiar,yes,30,35 - 44,Other,Bioinformatics,Australasia
9165,4 - Fairly familiar,yes,70,25 - 34,Biology,,Australasia
9171,5 - Very familiar,yes,60,45 - 54,Medicine,,Europe
9178,3 - Somewhat familiar,no,80,25 - 34,Engineering,,Asia
9179,5 - Very familiar,yes,80,18 - 24,Biology,,Europe
9205,2 - Not very familiar,yes,70,25 - 34,Biology,,Europe
9215,5 - Very familiar,yes,20,35 - 44,Other,Computer Science,Europe
9223,4 - Fairly familiar,no,90,35 - 44,Other,social sciences,Europe
9227,4 - Fairly familiar,yes,30,35 - 44,Biology,,Europe
9235,4 - Fairly familiar,no,30,25 - 34,Biology,,North America
9245,5 - Very familiar,yes,50,55 - 64,Medicine,,North America
9246,5 - Very familiar,no,30,35 - 44,Medicine,,North America
9258,5 - Very familiar,yes,90,25 - 34,Biology,,Asia
9263,5 - Very familiar,yes,30,45 - 54,Other,Sociology ,Europe
9277,5 - Very familiar,yes,30,35 - 44,Other,human cognitive neuroscience,Europe
9289,5 - Very familiar,yes,50,45 - 54,Biology,,North America
9321,3 - Somewhat familiar,yes,10,35 - 44,Engineering,,North America
9336,3 - Somewhat familiar,yes,60,55 - 64,Medicine,,North America
9345,3 - Somewhat familiar,yes,40,35 - 44,Other,IT,Asia
9350,4 - Fairly familiar,no,90,65 or over,Physics,,Europe
9358,3 - Somewhat familiar,yes,50,35 - 44,Materials Science,,Africa
9372,5 - Very familiar,yes,50,25 - 34,Biology,,Europe
9373,4 - Fairly familiar,yes,90,45 - 54,Biology,,Asia
9379,5 - Very familiar,yes,30,25 - 34,Earth Science,,North America
9392,5 - Very familiar,yes,70,25 - 34,Other,Cognitive Science,North America
9419,4 - Fairly familiar,yes,50,45 - 54,Medicine,,North America
9424,4 - Fairly familiar,yes,80,25 - 34,Engineering,,North America
9443,5 - Very familiar,yes,50,45 - 54,Other,veterinary / animal science,Europe
9446,5 - Very familiar,yes,40,35 - 44,Biology,,North America
9461,5 - Very familiar,yes,50,25 - 34,Other,Social Sciences,North America
9470,5 - Very familiar,yes,80,35 - 44,Earth Science,,North America
9471,5 - Very familiar,yes,70,35 - 44,Chemistry,,Europe
9505,3 - Somewhat familiar,yes,90,45 - 54,Chemistry,,North America
9547,5 - Very familiar,yes,60,55 - 64,Medicine,,Europe
9553,5 - Very familiar,yes,70,45 - 54,Biology,,South America
9559,4 - Fairly familiar,yes,20,25 - 34,Medicine,,North America
9562,5 - Very familiar,yes,50,45 - 54,Physics,,North America
9579,5 - Very familiar,yes,50,25 - 34,Biology,,North America
9580,5 - Very familiar,yes,30,18 - 24,Earth Science,,Europe
9601,4 - Fairly familiar,yes,40,25 - 34,Biology,,Australasia
9606,5 - Very familiar,yes,90,35 - 44,Physics,,North America
9618,4 - Fairly familiar,yes,50,35 - 44,Biology,,North America
9627,5 - Very familiar,yes,50,25 - 34,Biology,,Europe
9646,5 - Very familiar,yes,60,35 - 44,Biology,,South America
9656,4 - Fairly familiar,yes,70,25 - 34,Earth Science,,Europe
9667,4 - Fairly familiar,yes,20,25 - 34,Other,Neuroscience,North America
